product_id,product,category,sub_category,brand,expiry_date
1,Garlic Oil - Vegetarian Capsule 500 mg,Beauty & Hygiene,Hair Care,Sri Sri Ayurveda ,29-05-2025
2,Water Bottle - Orange,"Kitchen, Garden & Pets",Storage & Accessories,Mastercook,04-12-2025
3,"Brass Angle Deep - Plain, No.2",Cleaning & Household,Pooja Needs,Trm,02-05-2025
4,Cereal Flip Lid Container/Storage Jar - Assorted Colour,Cleaning & Household,Bins & Bathroom Ware,Nakoda,19-04-2025
5,Creme Soft Soap - For Hands & Body,Beauty & Hygiene,Bath & Hand Wash,Nivea,30-11-2025
6,Germ - Removal Multipurpose Wipes,Cleaning & Household,All Purpose Cleaners,Nature Protect,09-09-2025
7,Multani Mati,Beauty & Hygiene,Skin Care,Satinance,10-12-2025
8,Hand Sanitizer - 70% Alcohol Base,Beauty & Hygiene,Bath & Hand Wash,Bionova,08-04-2025
9,Biotin & Collagen Volumizing Hair Shampoo + Biotin & Collagen Hair Conditioner,Beauty & Hygiene,Hair Care,StBotanica,23-05-2025
10,"Scrub Pad - Anti- Bacterial, Regular",Cleaning & Household,"Mops, Brushes & Scrubs",Scotch brite,12-11-2025
11,Wheat Grass Powder - Raw,Gourmet & World Food,Cooking & Baking Needs,NUTRASHIL,22-04-2025
12,Butter Cookies Gold Collection,Gourmet & World Food,Chocolates & Biscuits,Sapphire,07-06-2025
13,"Face Wash - Oil Control, Active",Beauty & Hygiene,Skin Care,Oxy,16-06-2025
14,Mold & Mildew Remover with Bleach,Cleaning & Household,All Purpose Cleaners,Clorox,24-02-2025
15,Just Spray - Mosquito Repellent Room Spray,Cleaning & Household,Fresheners & Repellents,Herbal Strategi,16-12-2025
16,Dove Plastic Soap Case - Assorted Colour,Cleaning & Household,Bins & Bathroom Ware,Nakoda,19-07-2025
17,Smooth Skin Oil - For Dry Skin,Beauty & Hygiene,Skin Care,Aroma Treasures,10-04-2025
18,Salted Pumpkin,Gourmet & World Food,"Snacks, Dry Fruits, Nuts",Graminway,21-07-2025
19,Flax Seeds - Roasted,Gourmet & World Food,"Snacks, Dry Fruits, Nuts",True Elements,06-06-2025
20,Organic Tofu - Soy Paneer,Gourmet & World Food,Dairy & Cheese,Murginns,19-12-2025
21,Ceramic Barrel Brush - Colour May Vary,Beauty & Hygiene,Hair Care,Bronson Professional,07-01-2025
22,Instant Noodles - Chicken Satay Flavor,Gourmet & World Food,"Pasta, Soup & Noodles",Koka,09-09-2025
23,Chia Seeds,"Foodgrains, Oil & Masala",Dry Fruits,NaturoBell,13-05-2025
24,Cleanse Green Tea - Whole Leaf Loose Tea,Gourmet & World Food,Drinks & Beverages,Cambridge Tea Party,21-06-2025
25,Veggie Cutter,"Kitchen, Garden & Pets",Kitchen Accessories,IRICH,18-05-2025
26,Insulated Hot Fresh Casserole For Roti/Chapati - White,"Kitchen, Garden & Pets",Flask & Casserole,Cello,02-01-2025
27,Granola - Happy Berries,Snacks & Branded Foods,Breakfast Cereals,Fit & Flex,17-12-2025
28,Flaxseed - Pesticide Free,"Foodgrains, Oil & Masala",Dry Fruits,Safe Harvest,18-01-2025
29,Paratha Puff,Snacks & Branded Foods,Frozen Veggies & Snacks,Switz,25-06-2025
30,Lip Butter - Rose,Beauty & Hygiene,Skin Care,Organic Harvest,02-02-2025
31,Fruit Power - Masala Sugarcane,Beverages,Fruit Juices & Drinks,Real,05-02-2025
32,Chocobakes Choc Filled Cookies,"Bakery, Cakes & Dairy","Cookies, Rusk & Khari",Cadbury,09-05-2025
33,Amber - Deodorant Body Spray,Beauty & Hygiene,Fragrances & Deos,Old Spice,16-06-2025
34,Green Tea - Tulsi Loose Leaf,Beverages,Tea,Octavius,18-11-2025
35,Pet Solitaire Container Set - Silver,"Kitchen, Garden & Pets",Storage & Accessories,Steelo,02-08-2025
36,Dhania - Dal,"Foodgrains, Oil & Masala",Masalas & Spices,bb Royal,09-03-2025
37,Pudina Chutney Masala,"Foodgrains, Oil & Masala",Masalas & Spices,Catch,01-01-2025
38,Bodylicious Deodorant Spray - Mate (For Men),Beauty & Hygiene,Fragrances & Deos,Engage,10-02-2025
39,"Sport Deo Spray - Fresh, for Men",Beauty & Hygiene,Men's Grooming,Engage,17-01-2025
40,Choco Deck - Mini Delights,Snacks & Branded Foods,Chocolates & Candies,Fabelle,16-08-2025
41,Eau De Toilette - Homme Green,Beauty & Hygiene,Fragrances & Deos,Colour Me,21-11-2025
42,Lemon & Tea Tree Oil Soap,Beauty & Hygiene,Bath & Hand Wash,Liril,14-05-2025
43,Flavoured Cream Wafer Roll - Strawberry,Gourmet & World Food,Chocolates & Biscuits,Twister,08-10-2025
44,Storage/Lunch Steel Container with PP Lid - Red,"Kitchen, Garden & Pets",Steel Utensils,Classic Essentials,23-08-2025
45,Plain Green Olives,Gourmet & World Food,Tinned & Processed Food,Figaro,25-01-2025
46,Quinoa - Organic,"Foodgrains, Oil & Masala",Organic Staples,Organic Tattva,24-11-2025
47,After Shave Splash - Arctic Ice,Beauty & Hygiene,Men's Grooming,Gillette,02-01-2025
48,Colour Catcher Sheets,Cleaning & Household,All Purpose Cleaners,Dylon ,28-09-2025
49,Sauce - Sweet & Sour,Gourmet & World Food,"Sauces, Spreads & Dips",Pantai,28-04-2025
50,Super Hot and Sweet Mango Chutney,Snacks & Branded Foods,Pickles & Chutney,Spice Story,27-11-2025
51,Pani Puri Mix Paste,"Foodgrains, Oil & Masala",Masalas & Spices,Mother's Recipe,11-12-2025
52,Peach Syrup,Gourmet & World Food,Drinks & Beverages,Pekers,17-07-2025
53,Acne & Oil Control Face Wash,Beauty & Hygiene,Men's Grooming,Red Hunt,16-06-2025
54,Choco Deck - French Dessert Inspired Layered Bar,Snacks & Branded Foods,Chocolates & Candies,Fabelle,29-08-2025
55,Extra Fine Green Peas,Gourmet & World Food,Tinned & Processed Food,Daucy,07-09-2025
56,Soothing Cucumber Facial Scrub With Apricot Seeds,Beauty & Hygiene,Skin Care,TJORI,08-07-2025
57,Foochka,Snacks & Branded Foods,Ready To Cook & Eat,Shareat,09-11-2025
58,Argan-Liquid Gold Hair Spa,Beauty & Hygiene,Hair Care,Aroma Treasures,03-07-2025
59,"Baby Bed Protector - Sublimation Print, Pink",Baby Care,Baby Bath & Hygiene,Quick Dry,13-08-2025
60,Corporate Planner Diary With Premium PU Leather Cover With Card Holder,Cleaning & Household,Stationery,Prozo Plus,22-05-2025
61,"Atta Chalan - Stainless Steel, Size- No.8","Kitchen, Garden & Pets",Kitchen Accessories,Kvg,01-10-2025
62,Dog Supplement - Absolute Skin + Coat Tablet,"Kitchen, Garden & Pets",Pet Food & Accessories,Drools,26-10-2025
63,"Peanut Butter - Creamy, Super",Gourmet & World Food,"Sauces, Spreads & Dips",Happilo,05-11-2025
64,Sugar Free Petit Beurre - The Taste of France,Snacks & Branded Foods,Biscuits & Cookies,Bisk Farm,28-03-2025
65,Aqua Halo Rejuvenating Conditioner,Beauty & Hygiene,Hair Care,Azafran,13-03-2025
66,Ayurvedic Anti-Tan Face Pack,Beauty & Hygiene,Skin Care,TJORI,16-03-2025
67,Dog Supplement - Absolute Calcium Tablet,"Kitchen, Garden & Pets",Pet Food & Accessories,Drools,09-08-2025
68,Battery Power Kids Toothbrush - Barbie,Beauty & Hygiene,Oral Care,Colgate,05-02-2025
69,Organic Carom Seeds/Ajwain/Om Kalu,"Foodgrains, Oil & Masala",Masalas & Spices,Earthon,16-08-2025
70,"Padded Harness - 3/4 inch, Grey Colour","Kitchen, Garden & Pets",Pet Food & Accessories,Glenand,25-01-2025
71,"Kids Motu Patlu Toothpaste - 2-5 Years, Bubble Fruit Flavour",Beauty & Hygiene,Oral Care,Colgate,24-06-2025
72,Pure & Gentle Face Wash,Beauty & Hygiene,Skin Care,Pears,07-11-2025
73,Sesame Seed Oil,Beauty & Hygiene,Skin Care,INATUR ,01-12-2025
74,Til Dil Seeds,Gourmet & World Food,"Snacks, Dry Fruits, Nuts",Mantra,15-03-2025
75,"Penta Plastic Pet Water Bottle - Green, Wide Mouth","Kitchen, Garden & Pets",Storage & Accessories,BB Home,16-03-2025
76,Acne Pimple Kit For Acne & Pimple Removal,Beauty & Hygiene,Skin Care,Natures Essence,17-08-2025
77,"Disposable Bamboo Wood Skewer/Picker Sticks- For Barbeque, 12 Inch","Kitchen, Garden & Pets",Kitchen Accessories,Bamboooz,26-03-2025
78,& Moms Bathing Soap - Jasmine,Beauty & Hygiene,Bath & Hand Wash,Dettol,03-02-2025
79,Amla Chatpata Dry Fruit,Gourmet & World Food,"Snacks, Dry Fruits, Nuts",Fresho Signature,25-08-2025
80,"Toothbrush Superhero Assorted, Batman/Spiderman",Beauty & Hygiene,Oral Care,Colgate,10-03-2025
81,Chips - Topica,Snacks & Branded Foods,Snacks & Namkeen,Sanjay ,24-11-2025
82,Cup a Soup - Croutons Cream of Asparagus,Gourmet & World Food,"Pasta, Soup & Noodles",Batchelors,17-08-2025
83,Organic Dal - Masoor,"Foodgrains, Oil & Masala",Organic Staples,Pro Nature,10-02-2025
84,Strawberry Ice Cream,Gourmet & World Food,Dairy & Cheese,Haagen-Dazs,20-10-2025
85,Exo Dishwash Bar- Round 700 gm Box + Pril Dishwash Liquid- Active 2X Lime 225 ml,Cleaning & Household,Detergents & Dishwash,bb Combo,10-04-2025
86,Jupiter Water/Juice Glass Tumbler,"Kitchen, Garden & Pets",Crockery & Cutlery,BB Home,31-08-2025
87,"Cheese - Feta Greek, Block",Gourmet & World Food,Dairy & Cheese,Fresho Signature,21-01-2025
88,Avida 3-in-1 Semi Economy Pouch -  FG01248,Cleaning & Household,Pooja Needs,Shalimar,19-03-2025
89,Bathing Soap - Sandal & Turmeric,Beauty & Hygiene,Bath & Hand Wash,Godrej No.1,11-07-2025
90,Sweet Corn Kernels - Chipotle,Fruits & Vegetables,Cuts & Sprouts,Supa Corn,09-06-2025
91,Ashwagandha Tablets,Beauty & Hygiene,Health & Medicine,Muniyal Ayurveda,20-10-2025
92,Hard Anodised Ezee-Pour Saucepan With Lid - L88,"Kitchen, Garden & Pets",Cookware & Non Stick,Hawkins Futura,22-07-2025
93,Topp Up Milk - Elaichi,"Bakery, Cakes & Dairy",Dairy,Gowardhan,06-02-2025
94,Namkeen - Madras Mixture,Snacks & Branded Foods,Snacks & Namkeen,Townbus,13-02-2025
95,"Stainless Steel Storage Lunch Container - Flat, Carry Snack Pack","Kitchen, Garden & Pets",Steel Utensils,Ramson,29-03-2025
96,Oceans Deodorant for Men - Long Lasting & Fresh Aquatic Fragrance,Beauty & Hygiene,Fragrances & Deos,Brut,02-12-2025
97,Hair Remover Spray - Foam Lemon,Beauty & Hygiene,Feminine Hygiene,Dimples,22-09-2025
98,Mr. Magic Powder-To-Liquid Germ Protection Handwash Empty Bottle + Refill,Beauty & Hygiene,Bath & Hand Wash,Godrej Protekt,23-05-2025
99,Frankincense Oil,Beauty & Hygiene,Skin Care,Organic Harvest,22-11-2025
100,"Wonder Diaper Pants - Xtra Large, 12-17 Kg",Baby Care,Diapers & Wipes,Huggies,12-02-2025
101,Samrakshana Vaastu Deepa Thailam,"Foodgrains, Oil & Masala",Edible Oils & Ghee,Samvruddhi,04-12-2025
102,Quinoa - Organic Black,Gourmet & World Food,Cooking & Baking Needs,Nourish You,22-08-2025
103,Fructis Serum - Long & Strong,Beauty & Hygiene,Hair Care,Garnier,06-12-2025
104,Citrus Blast Orange Lemon Soap Free Body Wash,Beauty & Hygiene,Bath & Hand Wash,Fuschia,03-04-2025
105,Veda Marie Light Biscuits,Snacks & Branded Foods,Biscuits & Cookies,Sunfeast,02-03-2025
106,"2 Fold Umbrella - Auto-Open & Manual Close, Dark Violet","Kitchen, Garden & Pets",Storage & Accessories,Fendo,15-02-2025
107,Aamras Mango Fruit Juice,Beverages,Fruit Juices & Drinks,Paper Boat,27-06-2025
108,Henna & Ginseng Anti Hair Loss Shampoo,Beauty & Hygiene,Hair Care,Jovees,14-01-2025
109,"Sandwich Toaster - Non-Stick, Gas","Kitchen, Garden & Pets",Cookware & Non Stick,Omega,31-05-2025
110,"Baby Cereal - Ragi Almond & Banana, 6-8 Months, No Preservatives, No Artificial Colours",Baby Care,Baby Food & Formula,Slurrp Farm,16-05-2025
111,Incense Sticks - Sandal,Cleaning & Household,Pooja Needs,Ambica,11-08-2025
112,SPF 15 Sunscreen Lotion,Beauty & Hygiene,Skin Care,Elovera,23-12-2025
113,Fenugreek,"Foodgrains, Oil & Masala",Organic Staples,Organic Tattva,07-08-2025
114,Caramel Popcorn - Himalayan Salt,Gourmet & World Food,"Snacks, Dry Fruits, Nuts",4700BC,06-05-2025
115,Cold Pressed Bhringraj Cooling Oil For Hair Fall & Damage Control,Beauty & Hygiene,Skin Care,Soulflower,10-10-2025
116,Sapota - Organically Grown,Fruits & Vegetables,Fresh Fruits,Fresho,23-10-2025
117,Spiced Tea - Blend Of 7 Refreshing Spices,Beverages,Tea,Wagh Bakri,15-07-2025
118,"Steel Bowl/Vati/Katori - No. 4, Chutney","Kitchen, Garden & Pets",Steel Utensils,BB Home,01-07-2025
119,"Adult Dry Cat Food - +1 Year, Ocean Fish","Kitchen, Garden & Pets",Pet Food & Accessories,Maxi Persian,15-09-2025
120,Millet Rusk - Sweet,"Bakery, Cakes & Dairy","Cookies, Rusk & Khari",Nutribee,30-08-2025
121,"Stainless Steel Kadai - Induction Bottom With Glass Lid,  26 cm","Kitchen, Garden & Pets",Cookware & Non Stick,Vinod,31-03-2025
122,"Power Pocket - Long Lasting Bathroom Fragrance, Berry Rush",Cleaning & Household,Fresheners & Repellents,Aer,23-04-2025
123,Cabbage - Red,Fruits & Vegetables,Fresh Vegetables,Fresho,25-07-2025
124,Marvel Spiderman 2-In-1 Snackeez Bottle With Snack Box,"Kitchen, Garden & Pets",Storage & Accessories,Hm International,11-11-2025
125,Refined Oil - Rice Bran (Natural Oryzanol & Vitamin E),"Foodgrains, Oil & Masala",Edible Oils & Ghee,Dhara ,28-04-2025
126,Premium Square Plastic Container - Green,"Kitchen, Garden & Pets",Storage & Accessories,Mastercook,16-07-2025
127,Instant Popcorn - Butter Delite,Snacks & Branded Foods,Snacks & Namkeen,ACT II,12-06-2025
128,Cherry Lip Balm 4.5 g + Deep Nourish Elbow & Foot Cream 50 g,Beauty & Hygiene,Skin Care,Kaya Clinic,05-09-2025
129,Nutrition Plus Health Supplement - Joint Support,Beauty & Hygiene,Health & Medicine,Abbies,09-04-2025
130,Glass Belleza Bowl - Wine,"Kitchen, Garden & Pets",Crockery & Cutlery,Iveo ,25-09-2025
131,Dark Fantasy - Choco Fills Biscuits - Cookies,Snacks & Branded Foods,Biscuits & Cookies,Sunfeast,18-01-2025
132,Banana - Red,Fruits & Vegetables,Fresh Fruits,Fresho,23-05-2025
133,"Chilli - Bajji, Mild",Fruits & Vegetables,Herbs & Seasonings,Fresho,06-08-2025
134,I Love You Fruit N Nut Chocolate,Snacks & Branded Foods,Chocolates & Candies,Amul,10-10-2025
135,Pitted Green Olives,Gourmet & World Food,Tinned & Processed Food,Del Monte,16-03-2025
136,Glass Mixing Bowl With Lid - Polo,"Kitchen, Garden & Pets",Crockery & Cutlery,Yera,09-07-2025
137,Cake Gel,Gourmet & World Food,Cooking & Baking Needs,Purix,11-12-2025
138,Toffees - Excellence Assorted,Gourmet & World Food,Chocolates & Biscuits,Sapphire,10-05-2025
139,Organic Idly Podi - Ginger,Snacks & Branded Foods,Ready To Cook & Eat,Aaha Oho,04-07-2025
140,Glass Water Bottle - Aquaria Organic Purple,"Kitchen, Garden & Pets",Storage & Accessories,Cello,06-10-2025
141,Stainless Steel Pav Bhaji/Idli Oval Shaped Plate,"Kitchen, Garden & Pets",Steel Utensils,Omega,08-03-2025
142,Organic Cow Ghee/Tuppa,"Foodgrains, Oil & Masala",Organic Staples,Akshayakalpa,01-04-2025
143,Dates/Kharjura - Deseeded,"Foodgrains, Oil & Masala",Dry Fruits,Lion,21-06-2025
144,Chutney - Sweet Mango Sliced (without Garlic),Snacks & Branded Foods,Pickles & Chutney,Priya,01-03-2025
145,Turmeric Powder/Arisina Pudi,"Foodgrains, Oil & Masala",Masalas & Spices,Aashirvaad,14-03-2025
146,Bread - Fruit,"Bakery, Cakes & Dairy",Breads & Buns,English Oven,27-05-2025
147,Bombay Street Food Spice Blend,Gourmet & World Food,Cooking & Baking Needs,Cafe Junyali,26-02-2025
148,Ragi Flakes,Snacks & Branded Foods,Breakfast Cereals,Murginns,23-10-2025
149,Mustard Oil - Cold Pressed,Gourmet & World Food,Oils & Vinegar,Health 1st,30-11-2025
150,Juice/Water Glass - Long Drink Nord,"Kitchen, Garden & Pets",Crockery & Cutlery,Lyra,24-09-2025
151,Glass Amaze Air Tight Jar - Pink,"Kitchen, Garden & Pets",Crockery & Cutlery,Iveo ,24-10-2025
152,"Finger Brush For Kids - Blue, Ultra Soft",Beauty & Hygiene,Oral Care,Dentoshine  ,10-08-2025
153,Water/Juice Glass  - Jupiter Long Glass,"Kitchen, Garden & Pets",Crockery & Cutlery,Lyra,01-12-2025
154,Energy Bar - Choco Crunch,Gourmet & World Food,"Snacks, Dry Fruits, Nuts",On The Run,26-05-2025
155,Breeze - Razor Blades,Beauty & Hygiene,Feminine Hygiene,Gillette Venus,29-08-2025
156,"Confeito Vermicelli Combo, Sprinkles",Gourmet & World Food,Cooking & Baking Needs,Wow Confetti,12-12-2025
157,Olive Oil - Classic,Gourmet & World Food,Oils & Vinegar,BORGES,31-12-2025
158,"Octa Plastic Pet Water Bottle - Light Blue, Narrow Mouth","Kitchen, Garden & Pets",Storage & Accessories,BB Home,24-05-2025
159,Chia Seeds,Gourmet & World Food,Cooking & Baking Needs,Organicana,01-11-2025
160,Skin Cream,Beauty & Hygiene,Skin Care,Aloederm,28-03-2025
161,One Touch Air Purifier Freshener - Floral Bouquet Refill,Cleaning & Household,Fresheners & Repellents,Odonil ,19-01-2025
162,Water/Juice Glass,"Kitchen, Garden & Pets",Crockery & Cutlery,Yera,10-10-2025
163,Color Naturals Creme Riche Ultra Hair Color - Raspberry Red,Beauty & Hygiene,Hair Care,Garnier,01-06-2025
164,Nomarks - Antimarks Soap For Oily Skin,Beauty & Hygiene,Bath & Hand Wash,Bajaj,12-10-2025
165,"Silver Needles Tulsi White Tea Bags - Rich In Antioxidants, Pure Tea Buds",Gourmet & World Food,Drinks & Beverages,Sancha,09-06-2025
166,Baby Napkins - Mini Terry,Baby Care,Feeding & Nursing,Mee Mee,20-04-2025
167,"Printed Fabric Pencil Pouch - Purple, BB1263DPPL",Cleaning & Household,Stationery,DP,15-09-2025
168,Snacks - Roasted Mixture Lime,Gourmet & World Food,"Snacks, Dry Fruits, Nuts",GoodDiet,06-03-2025
169,Organic Dosa Mix - Jowar,Snacks & Branded Foods,Ready To Cook & Eat,Aaha Oho,06-10-2025
170,Lunch Box/Tiffin Set - Green BB 570 2,"Kitchen, Garden & Pets",Storage & Accessories,Tedemei,31-07-2025
171,BCAA Energy Drink - Berry Flavour,Beverages,Energy & Soft Drinks,NOCD,13-11-2025
172,Coffee Energizing Face Scrub,Beauty & Hygiene,Skin Care,BIOTIQUE,15-07-2025
173,Pain Relief - Oil,Beauty & Hygiene,Hair Care,Himalaya Wellness,23-11-2025
174,Ultra Soft New Born Diapers - Extra Small,Baby Care,Diapers & Wipes,Huggies,14-01-2025
175,Jungle Stimulating Facial Cleanser,Beauty & Hygiene,Skin Care,StBotanica,23-09-2025
176,Ylang Ylang Essential Oil,Beauty & Hygiene,Skin Care,Soulflower,07-06-2025
177,Clear Glycerine Soap - Natural Toning (Tea Tree Oil & Honey),Beauty & Hygiene,Bath & Hand Wash,Medimix,04-04-2025
178,Soap,Beauty & Hygiene,Bath & Hand Wash,Mysore Sandal,16-03-2025
179,Yellow Balm,Beauty & Hygiene,Health & Medicine,Siang Pure,03-12-2025
180,"LED Bulb - 12 Watt, Cool Daylight, B22 Base","Kitchen, Garden & Pets",Appliances & Electricals,AGARO,30-10-2025
181,Coriander Leaves 100 g + Garlic 250 g + Ginger 250 g + Chilli Green Long 250 g,Fruits & Vegetables,Herbs & Seasonings,Fresho,22-02-2025
182,Jaggery/Bella Powder - Pesticide Free,"Foodgrains, Oil & Masala","Salt, Sugar & Jaggery",Safe Harvest,24-05-2025
183,Ready Masala - Kashmiri Meat,"Foodgrains, Oil & Masala",Masalas & Spices,Kohinoor,30-09-2025
184,"Water Saving Aerator, Switch",Cleaning & Household,All Purpose Cleaners,ECO365,15-08-2025
185,Lemongrass Anti-Pigmentation Massage Cream,Beauty & Hygiene,Skin Care,Vaadi,10-09-2025
186,Breakfast Mix - Finger Millet Ragi Idli,Snacks & Branded Foods,Ready To Cook & Eat,GoodDiet,10-02-2025
187,Herbal Wine Grapefruit Lip Balm,Beauty & Hygiene,Skin Care,Khadi Natural,01-06-2025
188,Masala Upma,Snacks & Branded Foods,Ready To Cook & Eat,MOM Meal of the Moment,08-05-2025
189,Maharishi Ayurveda Ayush Kwath,Beauty & Hygiene,Health & Medicine,Maharishi Ayurveda ,05-08-2025
190,Svachh Nakshtra Steel Inner Lid Pressure Cooker (20257),"Kitchen, Garden & Pets",Cookware & Non Stick,Prestige,24-01-2025
191,Chicken Liver Gourmet Loaf With Pumpkin - Super Food,"Kitchen, Garden & Pets",Pet Food & Accessories,Kennel kitchen ,17-05-2025
192,Bath & Body Oil - Oriental Spicy Rose,Beauty & Hygiene,Skin Care,Oriental Botanics,01-11-2025
193,"Specialist Skin Care Oil - Scars, Stretch Mark, Ageing, Uneven Skin Tone",Beauty & Hygiene,Skin Care,Bio-Oil,11-05-2025
194,Brioche,"Bakery, Cakes & Dairy",Gourmet Breads,The Baker's Dozen,23-03-2025
195,Onion - Rings,Gourmet & World Food,"Snacks, Dry Fruits, Nuts",Miaow Miaow,17-12-2025
196,Cotton Mop With Telescopic Handle 150 Cm,Cleaning & Household,"Mops, Brushes & Scrubs",York,04-03-2025
197,Kale,Fruits & Vegetables,Organic Fruits & Vegetables,Fresho,06-09-2025
198,"Notebook - Unruled, Long",Cleaning & Household,Stationery,Classmate,09-05-2025
199,Instant Noodles - Soy & Vinegar,Gourmet & World Food,"Pasta, Soup & Noodles",Koka,16-01-2025
200,Gluten-Free Quinoa Flour,Gourmet & World Food,Cooking & Baking Needs,Graminway,07-05-2025
201,"Chikki, Peanut Bar",Snacks & Branded Foods,Indian Mithai,Paper Boat,06-01-2025
202,1001 Nights Concentrated Oriental Perfume Free From Alcohol For Unisex,Beauty & Hygiene,Fragrances & Deos,Ajmal,22-05-2025
203,Man - Indigo Body Mist,Beauty & Hygiene,Fragrances & Deos,Nike,19-02-2025
204,Fields Of Gold Organic Cumin - Whole,"Foodgrains, Oil & Masala",Organic Staples,PRISTINE,16-02-2025
205,Body Massage Oil - Energising,Beauty & Hygiene,Skin Care,Aloe Veda,12-07-2025
206,Synthetic Food Colour Preparation Lemon Yellow,Snacks & Branded Foods,Ready To Cook & Eat,999,17-11-2025
207,"Toothpaste - Gum Care, Expert Protection",Beauty & Hygiene,Oral Care,Pepsodent,11-02-2025
208,Bio Myristica Spot Correcting Anti Acne Face Pack,Beauty & Hygiene,Skin Care,BIOTIQUE,19-12-2025
209,"Stainless Steel Frying Ladle - No. 9, Silvera","Kitchen, Garden & Pets",Kitchen Accessories,Anjali,11-01-2025
210,OvenOrg Multi Millet Rusk,"Bakery, Cakes & Dairy","Cookies, Rusk & Khari",PRISTINE,04-04-2025
211,Mahabhringraj Tel - Hairfall Reduction & Dandruff Control,Beauty & Hygiene,Health & Medicine,Baidyanath,29-12-2025
212,Masterchefs Germ Protection Liquid Handwash Refill,Beauty & Hygiene,Bath & Hand Wash,Godrej Protekt,23-10-2025
213,Black Naturals Hair Colour Shade 1-Deep Black 20 ml + 20 gm,Beauty & Hygiene,Hair Care,Garnier,26-11-2025
214,Apple Cider Vinegar - Raw Unfiltered Unpasteurized with Cinamon & Honey,Gourmet & World Food,Oils & Vinegar,Zoe,21-03-2025
215,"Brinjal - Varikatri, Organically Grown",Fruits & Vegetables,Fresh Vegetables,Fresho,20-08-2025
216,Wonderz Milk Shakes - Classic Vanilla,"Bakery, Cakes & Dairy",Dairy,Sunfeast,31-08-2025
217,Marie Light Biscuits - Oats Fibre,Snacks & Branded Foods,Biscuits & Cookies,Sunfeast,20-10-2025
218,Masala - Chicken,"Foodgrains, Oil & Masala",Masalas & Spices,Annapoorna,05-01-2025
219,Dark Chocolate- 55% Rich In Cocoa,Snacks & Branded Foods,Chocolates & Candies,Amul,03-03-2025
220,Gentle Baby Wipes,Baby Care,Diapers & Wipes,Himalaya,08-09-2025
221,Avocado,Fruits & Vegetables,Fresh Fruits,Fresho,23-02-2025
222,Plastic Dustbin - Beige,Cleaning & Household,Bins & Bathroom Ware,DP,27-03-2025
223,"Pineapple - Chunks, Single Serve",Fruits & Vegetables,Fresh Fruits,Fresho,11-11-2025
224,Jeera Powder,"Foodgrains, Oil & Masala",Masalas & Spices,Catch,21-04-2025
225,Pure Neem Skin Purifying Face Wash,Beauty & Hygiene,Skin Care,Joy,13-04-2025
226,Lemon - Organically Grown,Fruits & Vegetables,Organic Fruits & Vegetables,Fresho,03-02-2025
227,Lavender & Vanilla Handmade Luxury Soap,Beauty & Hygiene,Bath & Hand Wash,StBotanica,01-08-2025
228,"Stainless Steel Pressure Cooker - Steeltuff, Induction Base, Silver","Kitchen, Garden & Pets",Cookware & Non Stick,United,23-09-2025
229,"Steel Deep Dabba/Storage Container - No. 12, Plain","Kitchen, Garden & Pets",Steel Utensils,BB Home,05-10-2025
230,Chyawan Fit Sugarfree Chyawanprash - Natural Immunity Booster,Beauty & Hygiene,Health & Medicine,Baidyanath,29-11-2025
231,Morning Dew Perfumed Talc 250 g + English Lavender Perfumed Talc 250 g,Beauty & Hygiene,Bath & Hand Wash,Yardley London,10-04-2025
232,"Energy Bars - Nutty, 4+ Years, 100% Natural & Healthy",Snacks & Branded Foods,Chocolates & Candies,Timios,18-08-2025
233,Banana Stem - Diced,Fruits & Vegetables,Cuts & Sprouts,Fresho,25-12-2025
234,Chilli Flakes,Gourmet & World Food,Cooking & Baking Needs,On1y,17-12-2025
235,Bite & Sip Flask And Lunch Box/Tiffin Box - Green Colour,"Kitchen, Garden & Pets",Storage & Accessories,Asian,24-07-2025
236,Namkeen - Khara Boondi,Snacks & Branded Foods,Snacks & Namkeen,Tasties,03-06-2025
237,Raw Seeds - Sunflower Pumpkin Flax Seeds,Gourmet & World Food,"Snacks, Dry Fruits, Nuts",True Elements,13-01-2025
238,"Garnet LED White Bulb - 14 Watt, Cool Day, B22","Kitchen, Garden & Pets",Appliances & Electricals,Wipro,23-03-2025
239,Tempeh Cubes - Simply Sriracha Soyabean,"Bakery, Cakes & Dairy",Dairy,Hello Tempayy,05-06-2025
240,Green Tea Gentle Detox Set,Beauty & Hygiene,Skin Care,The Moms Co,14-10-2025
241,Fresh Catch Fish Fingers,"Eggs, Meat & Fish",Fish & Seafood,Ifb,19-02-2025
242,Sour Cream & Onion,Gourmet & World Food,"Snacks, Dry Fruits, Nuts",Appitas,13-09-2025
243,Xylitol Powder,Gourmet & World Food,Cooking & Baking Needs,So Sweet,04-12-2025
244,Glass Amaze Air Tight Jar - Pink,"Kitchen, Garden & Pets",Crockery & Cutlery,Iveo ,05-05-2025
245,Sixer Biscuits - Salted,Snacks & Branded Foods,Biscuits & Cookies,Parle,17-10-2025
246,"Gokshuradi Guggulu - Urinary Disorders, 500mg",Beauty & Hygiene,Health & Medicine,Sri Sri Tattva,23-11-2025
247,Peach Shine Lip Care,Beauty & Hygiene,Skin Care,Himalaya,19-03-2025
248,Skincare Hand Wash Refill,Beauty & Hygiene,Bath & Hand Wash,Dettol,17-03-2025
249,4mm Aluminium Induction Base Chapati Roti Tawa - Silver,"Kitchen, Garden & Pets",Cookware & Non Stick,HAZEL,25-09-2025
250,Mix - Rava Idli,Snacks & Branded Foods,Ready To Cook & Eat,Grb,19-11-2025
251,Impress Concentrated Perfume Free From Alcohol For Male,Beauty & Hygiene,Fragrances & Deos,Ajmal,26-01-2025
252,Skin Awakening Rinse,Beauty & Hygiene,Skin Care,Kaya Clinic,27-06-2025
253,Pacific Steel Insulated Vacuum Flask,"Kitchen, Garden & Pets",Flask & Casserole,BB Home,01-09-2025
254,Regenerist - Advanced Anti-Ageing Revitalising Hydration Skin Cream Moisturizer SPF 15,Beauty & Hygiene,Skin Care,Olay,19-08-2025
255,Cotton Swabs,Beauty & Hygiene,Health & Medicine,SINWUAS,04-02-2025
256,"Tropical Fruit Pudding - Lychee, Mango, Strawberry Flavoured",Gourmet & World Food,Chocolates & Biscuits,Cocon,18-09-2025
257,Pippali Fruit Powder - Supports Healthy Digestive & Immune System,Beauty & Hygiene,Health & Medicine,Bixa Botanical,28-01-2025
258,Salt & Peeper Shaker Masala Dabbi With Window,"Kitchen, Garden & Pets",Kitchen Accessories,Ritu,27-12-2025
259,Organic - Triphala Powder,"Foodgrains, Oil & Masala",Organic Staples,Organic Tattva,06-05-2025
260,Aeda Glycerine Bathing Bar - Natural Green,Beauty & Hygiene,Bath & Hand Wash,K.P. Namboodiris,05-06-2025
261,Chicken Cocktail Sausage,"Eggs, Meat & Fish","Sausages, Bacon & Salami",Fresho,03-11-2025
262,Sun Expert Fairnes Sunscren Lotion SPF 30 PA++,Beauty & Hygiene,Skin Care,Lakme,31-12-2025
263,Cotton Pads,Beauty & Hygiene,Health & Medicine,Tulips,12-09-2025
264,Ashwagandha Powder,Gourmet & World Food,Drinks & Beverages,NUTRIWISH,30-03-2025
265,Frozen - Mixed Vegetables,Snacks & Branded Foods,Frozen Veggies & Snacks,Safal,26-02-2025
266,Masala - Kitchen,"Foodgrains, Oil & Masala",Masalas & Spices,Aachi,22-08-2025
267,Mustard/Sasive/Rai - Big,"Foodgrains, Oil & Masala",Masalas & Spices,bb Royal,06-10-2025
268,Ayurvedic Soap,Beauty & Hygiene,Bath & Hand Wash,Chandrika ,01-12-2025
269,"Glass Matt Finish Bottle With Plastic Cap - Blue, BB1324","Kitchen, Garden & Pets",Storage & Accessories,DP,12-10-2025
270,Perfume - Youth Dew EDP Spray,Beauty & Hygiene,Fragrances & Deos,Estee Lauder,31-08-2025
271,Cotton Swabs,Beauty & Hygiene,Health & Medicine,Tulips,27-11-2025
272,Organic Idly - Oats,Snacks & Branded Foods,Ready To Cook & Eat,Aaha Oho,09-05-2025
273,Red Curry,Gourmet & World Food,Cooking & Baking Needs,Real Thai,02-11-2025
274,Hareli Kitchen Jar,"Kitchen, Garden & Pets",Crockery & Cutlery,Pasabahce,16-03-2025
275,Heavy Starch - Lemon Fresh Scent,Cleaning & Household,All Purpose Cleaners,Faultless,11-05-2025
276,United Dreams Go Far Eau De Toilette,Beauty & Hygiene,Fragrances & Deos,United Colors Of Benetton ,03-12-2025
277,Ayurvedic Jamun Powder,Beauty & Hygiene,Health & Medicine,Meghdoot,24-02-2025
278,So Soft 2 Ply Face Tissue Box,Cleaning & Household,"Disposables, Garbage Bag",Origami,26-04-2025
279,"Pomegranate - Single Serve, Peeled",Fruits & Vegetables,Fresh Fruits,Fresho,07-08-2025
280,Stevia Spoonable - Powder,Gourmet & World Food,Cooking & Baking Needs,So Sweet,24-03-2025
281,Ylang Ylang Essential Oil,Beauty & Hygiene,Skin Care,Aloe Veda,18-11-2025
282,Toor/Arhar Dal,"Foodgrains, Oil & Masala",Dals & Pulses,bb Popular,06-07-2025
283,Peristaltic Nipple - 'S' Hole,Baby Care,Feeding & Nursing,Pigeon Baby,08-06-2025
284,Fragrance Body Spray - Cool Blue,Beauty & Hygiene,Fragrances & Deos,Park avenue,26-10-2025
285,Vitamin C Brightening Peel Off Mask,Beauty & Hygiene,Skin Care,StBotanica,23-03-2025
286,Almond & Rose Soap Value Pack,Beauty & Hygiene,Bath & Hand Wash,Himalaya,08-11-2025
287,Yippee Noodles - Magic Masala,Snacks & Branded Foods,"Noodle, Pasta, Vermicelli",Sunfeast,04-03-2025
288,Fields Of Gold Organic Foxtail Millet,"Foodgrains, Oil & Masala",Dals & Pulses,PRISTINE,13-03-2025
289,Arrabbiata Tomato Pasta Sauce With Chilli,Gourmet & World Food,"Sauces, Spreads & Dips",Montanini,29-04-2025
290,"Wood - Centre Filled Bar Infused With Dark Mousse, Cinnamon & Coffee",Snacks & Branded Foods,Chocolates & Candies,Fabelle,16-11-2025
291,Basil Seed Drink - Orange,Gourmet & World Food,Drinks & Beverages,Fruitoria,16-08-2025
292,Solution Anti Blackhead/Whitehead Masksheet (Pack of 10),Beauty & Hygiene,Skin Care,The Face Shop,31-03-2025
293,Acno Fight Pimple Clearing Gel,Beauty & Hygiene,Men's Grooming,Garnier Men,11-02-2025
294,Pork Classic Salami,"Eggs, Meat & Fish","Sausages, Bacon & Salami",La Carne,28-08-2025
295,Gold Flash - Mosquito Repellent Combo Machine & Refill,Cleaning & Household,Fresheners & Repellents,Good knight,23-10-2025
296,Stainless Steel Airtight Storage Container - SL-1401,"Kitchen, Garden & Pets",Steel Utensils,Steel Lock,17-05-2025
297,Organic Idly Podi - Ginger,Snacks & Branded Foods,Ready To Cook & Eat,Aaha Oho,24-06-2025
298,Whisky Cocktail Mixers - 100% Natural,Gourmet & World Food,Drinks & Beverages,Swa Artisanal Syrups,28-02-2025
299,Family Sunscreen Lotion SPF 25,Beauty & Hygiene,Skin Care,INATUR ,02-08-2025
300,Japanese Cooking Rice-Wine,Gourmet & World Food,Oils & Vinegar,Urban Platter,30-11-2025
301,Coated Green Peas - Wasabi,Gourmet & World Food,"Snacks, Dry Fruits, Nuts",Cornitos,05-11-2025
302,Charminar Basmati Rice/Basmati Akki - Select,"Foodgrains, Oil & Masala",Rice & Rice Products,Kohinoor,23-06-2025
303,Hide & Seek Choco Rolls,Snacks & Branded Foods,Biscuits & Cookies,Parle,17-02-2025
304,"Hair Fall Control Kit - Oil, Shampoo & Serum",Beauty & Hygiene,Hair Care,Dr Batra's ,17-10-2025
305,"Anti-Acne Face Cleanser - With Salyclic Acid, For Oily Skin",Beauty & Hygiene,Men's Grooming,Bombay Shaving Company,24-09-2025
306,Gluten-Free Moong Dal Cheela/Dosa Mix,Gourmet & World Food,Cooking & Baking Needs,Graminway,10-01-2025
307,Milk Boiler - Aluminium,"Kitchen, Garden & Pets",Cookware & Non Stick,Le Kaviraj,18-04-2025
308,"Green Tea - Pure, Bio-Degradable",Gourmet & World Food,Drinks & Beverages,Tealia,30-04-2025
309,Cube Storage Glass Jar,"Kitchen, Garden & Pets",Storage & Accessories,Treo,26-09-2025
310,M1 Perfume Spray - For Men,Beauty & Hygiene,Fragrances & Deos,Engage,28-03-2025
311,Tulsi Mulethi Green Tea,Gourmet & World Food,Drinks & Beverages,Karma Kettle,07-02-2025
312,Nicer Dicer,"Kitchen, Garden & Pets",Kitchen Accessories,IRICH,19-07-2025
313,Masala - Punjabi Chhole,"Foodgrains, Oil & Masala",Masalas & Spices,Tata Sampann,21-02-2025
314,"Pork - Fresh Bacon, Sliced","Eggs, Meat & Fish","Sausages, Bacon & Salami",Fresho Signature,08-03-2025
315,Active Salt Toothpaste Saver Pack 300g + Sensitive Soft Bristles Toothbrush 4pcs,Beauty & Hygiene,Oral Care,Colgate,20-07-2025
316,Silicone Feeding Nipple/Teat Regular Neck - Size XL,Baby Care,Feeding & Nursing,Vauva,30-06-2025
317,"Microwaveable Plastic Multiutility Bowl - Yellow, New Coral, L2272 YL","Kitchen, Garden & Pets",Storage & Accessories,Princeware,10-06-2025
318,Chicken Jalapeno Cheese Nuggets,"Eggs, Meat & Fish","Sausages, Bacon & Salami",Meatzza,10-08-2025
319,Milk Delights Face Wash With Honey For Dry Skin,Beauty & Hygiene,Skin Care,Nivea,26-07-2025
320,Instaglow Oxygen Bleach,Beauty & Hygiene,Skin Care,Vlcc,14-04-2025
321,Soft Drink - Lime Flavoured,Beverages,Energy & Soft Drinks,Sprite,12-12-2025
322,Coffee Creamer - Coffee-Mate,Gourmet & World Food,Drinks & Beverages,Nestle ,02-07-2025
323,Royce Premium High Quality Pedal Plastic Dustbin / Garbage Bin - Blue,Cleaning & Household,Bins & Bathroom Ware,MVS,30-12-2025
324,Khaas Shampoo Bar - Heena Amla,Beauty & Hygiene,Hair Care,Stonesoup,02-09-2025
325,Bubble Glass,"Kitchen, Garden & Pets",Crockery & Cutlery,Seven seas,24-10-2025
326,Dazzle Livid Lilac Dinner Set - White,"Kitchen, Garden & Pets",Crockery & Cutlery,Cello,23-03-2025
327,Dhanwantharam Kwath,Beauty & Hygiene,Health & Medicine,Kerala Ayurveda,25-09-2025
328,Suzzan Glass Bottle With Blue Cap,"Kitchen, Garden & Pets",Storage & Accessories,Treo,28-11-2025
329,Henko Detergent Bar - Stain Care 250 gm + Mr. White Detergent Powder 1 kg Pouch,Cleaning & Household,Detergents & Dishwash,bb Combo,11-10-2025
330,Tea - English Breakfast,Beverages,Tea,Typhoo,02-08-2025
331,Rolled Oats - Gluten Free + Gluten Free - Steel Cut Oats (each 500 g),Snacks & Branded Foods,Breakfast Cereals,True Elements,07-09-2025
332,"Wafer Roll - Twister, Black With Vanilla Flavoured Cream",Gourmet & World Food,Chocolates & Biscuits,Delfi,15-10-2025
333,Steel Cut Oats,Snacks & Branded Foods,Breakfast Cereals,NUTRIWISH,02-08-2025
334,Zucchini - Green,Fruits & Vegetables,Fresh Vegetables,Fresho,09-11-2025
335,Green Sliced Olives,Gourmet & World Food,Tinned & Processed Food,Habit,11-06-2025
336,Ready To Eat - Khatta Meetha Poha,Snacks & Branded Foods,Ready To Cook & Eat,MTR,30-03-2025
337,Roasted Soyanuts - Wasabi,Gourmet & World Food,"Snacks, Dry Fruits, Nuts",FabBox,15-05-2025
338,Radiance Boost Orange Aroma Mask,Beauty & Hygiene,Skin Care,Organic Harvest,12-05-2025
339,Muffin/Cup Cake Vanilla 200 g + Choco Chip 200 g (Pack of 4 each),"Bakery, Cakes & Dairy",Cakes & Pastries,Fresho Signature,25-03-2025
340,Masala Oats - Veggie Twist,Snacks & Branded Foods,Snacks & Namkeen,Saffola,02-11-2025
341,Sunscreen Cream - Sunblock Anti Aging SPF UV 60,Beauty & Hygiene,Skin Care,Soft Touch,30-11-2025
342,Sunblock Lotion,Beauty & Hygiene,Skin Care,Aroma Magic ,23-01-2025
343,Copper Water Fliptop Bottle - Stripes,"Kitchen, Garden & Pets",Steel Utensils,Frestol,25-09-2025
344,For Men Evolution Eau De Toilette,Beauty & Hygiene,Fragrances & Deos,Jaguar,11-08-2025
345,"Long & Black Shampoo - With Goodness Of Amla & Bhringraj, For Shiny, Black Hair",Beauty & Hygiene,Hair Care,Dabur Vatika,20-07-2025
346,Toothpaste - Complete Care,Beauty & Hygiene,Oral Care,Neem ,09-06-2025
347,Olive Oil - Pomace,Gourmet & World Food,Oils & Vinegar,Oleiva Gold,30-10-2025
348,Glass Set - Solo Shot Bar,"Kitchen, Garden & Pets",Crockery & Cutlery,Ocean,06-02-2025
349,Bonacure Conditioner - Repair Rescue,Beauty & Hygiene,Hair Care,Schwarzkopf Professional,05-09-2025
350,Vegan Chipotle Mayo - Dairy-Free,Gourmet & World Food,"Sauces, Spreads & Dips",Urban Platter,04-10-2025
351,Blueberry,Fruits & Vegetables,Fresh Fruits,Fresho,29-07-2025
352,"Oregano - Organic, USDA Certified",Gourmet & World Food,Cooking & Baking Needs,Geo-Fresh,14-04-2025
353,Chunky Salsa - Mild,Gourmet & World Food,"Sauces, Spreads & Dips",Cornitos,04-12-2025
354,Multigrain Energy Bar - Nuts n Seed,Gourmet & World Food,"Snacks, Dry Fruits, Nuts",Yoga bar,03-06-2025
355,Active Fresh Gel Toothpaste,Beauty & Hygiene,Oral Care,Himalaya,03-08-2025
356,Hydro Replenish Radiance Day Crème with SPF 15,Beauty & Hygiene,Skin Care,Kaya Youth,23-09-2025
357,Anti-Hair Fall Shampoo,Beauty & Hygiene,Hair Care,Himalaya,10-06-2025
358,"Cereal - Ragi, Rice & Mango With Milk",Baby Care,Baby Food & Formula,Slurrp Farm,09-02-2025
359,Fenugreek/Methi/Menthya,"Foodgrains, Oil & Masala",Masalas & Spices,bb Popular,30-12-2025
360,Hair Spa Oil Therapy,Beauty & Hygiene,Hair Care,Prakrta,19-10-2025
361,"Sauce - Bhut Jolokia, Sweet Chilli",Snacks & Branded Foods,"Spreads, Sauces, Ketchup",ENE,08-05-2025
362,Dry Fruit Mixed Chatpata,Gourmet & World Food,"Snacks, Dry Fruits, Nuts",Fresho Signature,25-09-2025
363,Organic Coriander Powder,"Foodgrains, Oil & Masala",Organic Staples,24 Mantra,10-03-2025
364,Stainless Steel Induction Base Tope,"Kitchen, Garden & Pets",Steel Utensils,Vinod,29-01-2025
365,"Adult Cat Food Pocket Tuna 7 kg + Wet Meal Tuna In Jelly, for Adult Cat 1.02 kg","Kitchen, Garden & Pets",Pet Food & Accessories,Whiskas,20-02-2025
366,"Pork - Mortadella with Olives, Sliced","Eggs, Meat & Fish","Sausages, Bacon & Salami",Fresho Signature,31-05-2025
367,Andhra Special Allam/Ginger Pickle,Snacks & Branded Foods,Pickles & Chutney,Delight Foods,04-11-2025
368,New Dry Diapers - Medium,Baby Care,Diapers & Wipes,Huggies,27-01-2025
369,Fruit N Fibre Muesli - Mixed Fruit,Snacks & Branded Foods,Breakfast Cereals,Bagrrys,12-04-2025
370,Basa Fish - Fillet Family Pack,"Eggs, Meat & Fish",Fish & Seafood,Seastar,15-05-2025
371,Baby Corn - Sweet & Sour,Gourmet & World Food,Tinned & Processed Food,Hugo Reitzel ,04-11-2025
372,Kool - Badam,"Bakery, Cakes & Dairy",Dairy,Amul,15-02-2025
373,Creamy Crackers - Original,Gourmet & World Food,Chocolates & Biscuits,Sapphire,08-01-2025
374,Dried - Cranberries 200G + Prunes 200G + Apricots  200G + Blueberries 150G,Gourmet & World Food,"Snacks, Dry Fruits, Nuts",Happilo,29-01-2025
375,Milly Magic Chocolate Balls - Gluten Free,Snacks & Branded Foods,Breakfast Cereals,Schar,27-04-2025
376,Millet Based Nutrition Bar - Classic,Gourmet & World Food,Cereals & Breakfast,Ah!rogya Bar,07-06-2025
377,"Bathroom Cleaner - Liquid, Hand Made",Cleaning & Household,All Purpose Cleaners,Wild Ideas,29-08-2025
378,Kodo Millet Rice - Pesticide Free,"Foodgrains, Oil & Masala",Dals & Pulses,Safe Harvest,26-11-2025
379,Amla Juice,Beverages,Fruit Juices & Drinks,Patanjali,07-12-2025
380,Cheddar - English,Gourmet & World Food,Dairy & Cheese,Dairy Craft,30-08-2025
381,Power - Fresh Breath Fluoride Toothpaste 100 g + Sensitive Toothpaste 80 g,Beauty & Hygiene,Oral Care,Clove,09-08-2025
382,"Matcha Moringa Bar Bites - Mini, Gluten-free, Vegan",Gourmet & World Food,Chocolates & Biscuits,She made,12-03-2025
383,Sugar Free Juice - Lemon Ginger Squash,Beverages,Fruit Juices & Drinks,Diabetics Dezire,18-03-2025
384,Wipeout Germ Killing Soap,Beauty & Hygiene,Bath & Hand Wash,MyGlamm,04-10-2025
385,Jelly Crystal - Raspberry,Gourmet & World Food,Cooking & Baking Needs,Puramate,27-02-2025
386,Black Tea,Beverages,Tea,Tetley,29-10-2025
387,Grainy Delight,Gourmet & World Food,"Snacks, Dry Fruits, Nuts",Nutriplate,17-10-2025
388,"Kitchen Cleaning/Dusting Microfibre Cloth - Grey, G130060GR",Cleaning & Household,"Mops, Brushes & Scrubs",Liao,08-09-2025
389,Amla Churna,Beauty & Hygiene,Health & Medicine,Dabur,17-07-2025
390,Professional Herbal Orange Facial Massage Cream,Beauty & Hygiene,Skin Care,Olivia,09-02-2025
391,Eggless Mayonnaise Dip,Gourmet & World Food,"Sauces, Spreads & Dips",HappyChef,09-05-2025
392,Nilgiri Green Tea - Yakuso Tulsi,Gourmet & World Food,Drinks & Beverages,Teamonk,24-10-2025
393,"Peri Peri Sauce - Bird Eye Chili, Hot & Tangy",Gourmet & World Food,"Sauces, Spreads & Dips",Habanero,15-03-2025
394,"Menstrual Cup - Wings, Pratham",Beauty & Hygiene,Feminine Hygiene,Stonesoup,20-08-2025
395,Wonderz Milk Fruit N Milk - Mango,"Bakery, Cakes & Dairy",Dairy,Sunfeast,30-05-2025
396,Cow Ghee/Tuppa,"Foodgrains, Oil & Masala",Edible Oils & Ghee,Himalayan Natives,31-03-2025
397,"Organic - Black Cardamom Ealachi, Whole","Foodgrains, Oil & Masala",Organic Staples,bb Royal,25-05-2025
398,Ultimate Choco Berry,Snacks & Branded Foods,Chocolates & Candies,RiteBite Max Protein,05-10-2025
399,Steel Belly Shape Storage Dabba/ Container Set With PP Lid - Silver & Blue,"Kitchen, Garden & Pets",Steel Utensils,Jensons,04-08-2025
400,Kool - Koko,"Bakery, Cakes & Dairy",Dairy,Amul,02-05-2025
401,"Apple Cider Vinegar - With Mother, Unfiltered & Unpasteurized",Gourmet & World Food,Oils & Vinegar,TrueNature,08-06-2025
402,Dare Deodorant Spray - Men,Beauty & Hygiene,Fragrances & Deos,Kamasutra,20-06-2025
403,Svachh DLX Alpha Steel Outer Lid Pressure Cooker (20247),"Kitchen, Garden & Pets",Cookware & Non Stick,Prestige,30-08-2025
404,Hydrating Body Lotion,Beauty & Hygiene,Skin Care,Nutrinorm,02-10-2025
405,Nuts & Seeds Bar,Snacks & Branded Foods,Breakfast Cereals,RiteBite Max Protein,11-04-2025
406,"Nacho Chips - Cheese With Herbs, No Onion, No Garlic",Gourmet & World Food,"Snacks, Dry Fruits, Nuts",Makino,14-04-2025
407,Pistachio,Gourmet & World Food,"Snacks, Dry Fruits, Nuts",Rostaa,09-12-2025
408,7 O Click - Permasharp Stainless Blade,Beauty & Hygiene,Men's Grooming,Gillette,22-09-2025
409,Classic Sandalwood & Tulsi Hand Wash,Beauty & Hygiene,Bath & Hand Wash,Santoor,20-04-2025
410,Chai/Stainless Steel Cups - For The Love Of Tea,"Kitchen, Garden & Pets",Crockery & Cutlery,Hot Muggs,25-06-2025
411,Brass Karpoor Arti - No.2,Cleaning & Household,Pooja Needs,Trm,12-06-2025
412,Nikhaar Hair Removal Cream For All Skin Types,Beauty & Hygiene,Feminine Hygiene,Veet,09-03-2025
413,Original Care Lip Balm For 24h Moisture With Shea Butter & Natural Oils,Beauty & Hygiene,Skin Care,Nivea,17-01-2025
414,"Plastic Insulated Jr Casserole For Roti/Chapati Gift Set - White, Regalia","Kitchen, Garden & Pets",Flask & Casserole,Milton,14-08-2025
415,Sunspray Sunscreen SPF 30,Beauty & Hygiene,Skin Care,INATUR ,26-06-2025
416,Vastu Combo Pack - Floor Cleaner + toilet cleaner,Cleaning & Household,All Purpose Cleaners,Runaway,11-02-2025
417,"Water Flask - Insulated Thermosteel, Flip Lid , Silver","Kitchen, Garden & Pets",Flask & Casserole,Milton,03-01-2025
418,Drumstick - Organically Grown,Fruits & Vegetables,Organic Fruits & Vegetables,Fresho,15-02-2025
419,Up Or Down Eau De Toilette Deodorant - For Man,Beauty & Hygiene,Men's Grooming,Nike,15-07-2025
420,"Ultra Healing - Extra Dry Skin Moisturiser With Vitamin C, E & B5",Beauty & Hygiene,Skin Care,Jergens,06-02-2025
421,"Organic, Fennel /Saunf/Sompu Powder","Foodgrains, Oil & Masala",Masalas & Spices,bb Royal,04-09-2025
422,Coconut Braker - Big,"Kitchen, Garden & Pets",Kitchen Accessories,Kvg,02-04-2025
423,Truffel - Caramel,Snacks & Branded Foods,Chocolates & Candies,Dukes,12-09-2025
424,Conditioner - Hair Repair,Beauty & Hygiene,Hair Care,Richfeel,20-03-2025
425,"Stainless Steel Water Bottle - Blue, BB506 3","Kitchen, Garden & Pets",Storage & Accessories,DP,25-11-2025
426,Mischief Avatar Deodorant & Body Spray Perfume For Men,Beauty & Hygiene,Fragrances & Deos,Set Wet,30-09-2025
427,Skin Fruits Fruit Moisturising Body Lotion,Beauty & Hygiene,Skin Care,Joy,08-01-2025
428,Multipurpose Germ Protection Anti-Bacterial Wipes With Lemon Fragrance,Cleaning & Household,All Purpose Cleaners,Corsafe Advance,30-12-2025
429,Basmati Rice/Basmati Akki - Rozana Super 90,"Foodgrains, Oil & Masala",Rice & Rice Products,Daawat ,24-09-2025
430,Milk power Frappe Milkshake - Belgian Chocolate,"Bakery, Cakes & Dairy",Dairy,Real,03-12-2025
431,"Peanut Butter - Unsweetened, Crunchy",Snacks & Branded Foods,"Spreads, Sauces, Ketchup",Happy Jars,17-06-2025
432,Salem Turmeric Powder/Arisina Pudi,"Foodgrains, Oil & Masala",Masalas & Spices,Orika,28-08-2025
433,Body Fragrance - Alexander,Beauty & Hygiene,Fragrances & Deos,Park avenue,11-09-2025
434,"Steel Storage/Lunch Container- No.1, Blue, Klip It","Kitchen, Garden & Pets",Steel Utensils,Joyo Steel,09-07-2025
435,Ladies Finger,Fruits & Vegetables,Fresh Vegetables,Fresho,27-01-2025
436,Aloe Vera Juice - Purifies Blood & Boosts Immunity,Gourmet & World Food,Drinks & Beverages,Jiva Ayurveda,11-11-2025
437,"Balloon - Polka Dot, 12 Inch",Cleaning & Household,Party & Festive Needs,B Vishal,30-12-2025
438,School/Stationery Kit,Cleaning & Household,Stationery,BIC Cello,15-12-2025
439,Face Wash - White Tea & Chamomile,Beauty & Hygiene,Skin Care,Aroma Magic ,01-05-2025
440,Bathroom Cleaner,Cleaning & Household,All Purpose Cleaners,PureCult,12-06-2025
441,Imperial Desert Set - Aqua Leaves,"Kitchen, Garden & Pets",Crockery & Cutlery,Cello,13-03-2025
442,Solitaire Storage Transparent Pet Container Set - Green Lid,"Kitchen, Garden & Pets",Storage & Accessories,Steelo,24-11-2025
443,Organic Cold Pressed Virgin Coconut Oil,Gourmet & World Food,Oils & Vinegar,GoodDiet,30-09-2025
444,DiaFree Juice,Beverages,Fruit Juices & Drinks,Kapiva Ayurveda,23-07-2025
445,Hand Wash Rose & Geranium - Anti Bacterial,Beauty & Hygiene,Bath & Hand Wash,Morpheme Remedies,24-02-2025
446,Namkeen - Flattend Rice Mixture,Snacks & Branded Foods,Snacks & Namkeen,Sln  ,29-01-2025
447,Borosilicate Glass Rectangular Food Container With Green Lid,"Kitchen, Garden & Pets",Storage & Accessories,BB Home,05-02-2025
448,Black Naturals,Beauty & Hygiene,Hair Care,Garnier,28-08-2025
449,Sorghum Rava/ Semolina,Gourmet & World Food,Cooking & Baking Needs,Dhatu Organics & Naturals,25-11-2025
450,Sensitive Toothpaste - Fresh Mint,Beauty & Hygiene,Oral Care,Sensodyne,07-03-2025
451,Floor Cleaner - Lime,Cleaning & Household,All Purpose Cleaners,Floroma,25-07-2025
452,Hair Serum - Anti-Dandruff,Beauty & Hygiene,Hair Care,Aroma Magic ,03-12-2025
453,"Face Mask 3-Layer Surgical - Disposable, Anti-Dust & Anti-Pollution, With Earloop",Beauty & Hygiene,Health & Medicine,Octus,15-04-2025
454,Veda Keto-Slim Ultra Weight Loss,Beauty & Hygiene,Health & Medicine,Vedapure,15-11-2025
455,"Basmati Rice Mini Mogra, Broken/Tukda 5 Kg + Wheat Flour (Chakki Atta) 10 Kg","Foodgrains, Oil & Masala",Rice & Rice Products,bb Royal,02-11-2025
456,Tapioca,Fruits & Vegetables,Fresh Vegetables,Fresho,26-10-2025
457,Organic - Kalonji,"Foodgrains, Oil & Masala",Organic Staples,Organic Tattva,16-08-2025
458,Savoury - Pizza,Gourmet & World Food,"Snacks, Dry Fruits, Nuts",Miaow Miaow,01-02-2025
459,Water/Juice Glass Tumbler - Volvic 3303,"Kitchen, Garden & Pets",Crockery & Cutlery,Roxx,25-11-2025
460,Red Poha,"Foodgrains, Oil & Masala",Organic Staples,Turn Organic ,01-01-2025
461,Brightening Serum,Beauty & Hygiene,Skin Care,Kaya Clinic,07-03-2025
462,Ivory Glass Bottle - Orange & Yellow Floral,"Kitchen, Garden & Pets",Storage & Accessories,Treo,25-05-2025
463,Sheer Perfume For Women - EDP,Beauty & Hygiene,Fragrances & Deos,Skinn by Titan,19-02-2025
464,Dog Treats - Diced Chicken,"Kitchen, Garden & Pets",Pet Food & Accessories,Chip Chops,06-07-2025
465,Baking Powder - Double Acting,Gourmet & World Food,Cooking & Baking Needs,By Nature,29-04-2025
466,"Ready Mix - Kheer, Vermicelli",Snacks & Branded Foods,Ready To Cook & Eat,Gits,20-08-2025
467,Scrubbing Broom Brush - Outdoor,Cleaning & Household,"Mops, Brushes & Scrubs",Ezy Be,20-09-2025
468,Organic Wheat Dalia,"Foodgrains, Oil & Masala",Organic Staples,Organic Tattva,11-12-2025
469,Moisturizing Body Bath - Green Tea & Milk,Beauty & Hygiene,Bath & Hand Wash,Skin Cottage ,03-05-2025
470,The Original Kashaya - Caffeine Free,Gourmet & World Food,Drinks & Beverages,6 Rasa,23-07-2025
471,Nizami Hyderabadi Cuisine,Gourmet & World Food,Cooking & Baking Needs,Cafe Junyali,01-09-2025
472,Elegance Deodorizing Talc - For Men,Beauty & Hygiene,Men's Grooming,Yardley London,12-02-2025
473,"LED Bulb - 10 Watt CDL Round Base Lyor 5 Star Series, Cool Day Light White, B22","Kitchen, Garden & Pets",Appliances & Electricals,Crompton,04-06-2025
474,Organic Rasam Ready Mix - Long Pepper,Snacks & Branded Foods,Ready To Cook & Eat,Aaha Oho,10-08-2025
475,Gold Caramel Candy,Snacks & Branded Foods,Chocolates & Candies,ALPENLIEBE,22-02-2025
476,Masala - Birayani Pulao,"Foodgrains, Oil & Masala",Masalas & Spices,Mdh,17-12-2025
477,Hair Fall Control Oil,Beauty & Hygiene,Hair Care,Dr Batra's ,11-02-2025
478,Bio Renew White Strawberry & Sweet Mint Conditioner,Beauty & Hygiene,Hair Care,Herbal Essence,07-10-2025
479,"Comfort Bathroom Stool Plastic/Patla - Plain, Big, Assorted",Cleaning & Household,Bins & Bathroom Ware,JOYO,22-04-2025
480,Bounce Biscuits - Elaichi Creme,Snacks & Branded Foods,Biscuits & Cookies,Sunfeast,02-06-2025
481,"Pumice Stone & Emery Foot Filer - FFL3407, Colour May Vary",Beauty & Hygiene,Bath & Hand Wash,Kaiv,04-02-2025
482,Olive Oil - Classic,Gourmet & World Food,Oils & Vinegar,La Espanola,25-05-2025
483,Light Soy Sauce - Reduced Salt,Gourmet & World Food,"Sauces, Spreads & Dips",Tai Hua,30-11-2025
484,"Kitchen Cleaning/Dusting Microfibre Cloth - Red & Grey, G130064RG",Cleaning & Household,"Mops, Brushes & Scrubs",Liao,09-01-2025
485,Painting Kit,Cleaning & Household,Stationery,Doms,04-06-2025
486,Diamond Skin Brightening Kit - Consumer Pack,Beauty & Hygiene,Skin Care,Joy,18-10-2025
487,Organic - Turmeric Powder/Arisina Pudi,"Foodgrains, Oil & Masala",Organic Staples,Turn Organic ,05-12-2025
488,Natural Neem Agarbatti,Cleaning & Household,Fresheners & Repellents,Good knight,10-05-2025
489,Raspberry Strawberry Preserve,Gourmet & World Food,"Sauces, Spreads & Dips",The Gourmet Jar,19-11-2025
490,Meghdoot Honey Almond Body Lotion,Beauty & Hygiene,Skin Care,Meghdoot,20-07-2025
491,Hajmola Maha Candy - Aam+Imli,Beauty & Hygiene,Health & Medicine,Dabur,13-03-2025
492,Rice Bran Oil,"Foodgrains, Oil & Masala",Edible Oils & Ghee,Fortune ,09-01-2025
493,"N95 Washable Face Mask - Blue, Medium",Beauty & Hygiene,Health & Medicine,Nirvana,06-01-2025
494,Coriander Powder,"Foodgrains, Oil & Masala",Masalas & Spices,Patanjali,27-05-2025
495,Dressing - Creamy Caesar,Gourmet & World Food,"Sauces, Spreads & Dips",American Garden ,07-10-2025
496,Shishu Taila - For Healthy Skin & Stronger Bones,Beauty & Hygiene,Health & Medicine,Sri Sri Tattva,05-09-2025
497,Chocolate Flavoured Lubes,Beauty & Hygiene,Health & Medicine,Skore,19-11-2025
498,Free Range Eggs - Omega 3,"Eggs, Meat & Fish",Eggs,Happy Hens Farms,09-02-2025
499,Whiteglow Skin Whitening & Brightening Gel Creme PA+++ - SPF 25,Beauty & Hygiene,Skin Care,Lotus Herbals,04-08-2025
500,Premium Californian Roasted & Salted Pistachios - Value Pack,Gourmet & World Food,"Snacks, Dry Fruits, Nuts",Happilo,14-02-2025
501,Active Baby Medium (6-11 kg) - 62 Diapers,Baby Care,Diapers & Wipes,Pampers ,07-12-2025
502,Nutrition & Health Drink - Pista Badam,Beverages,"Health Drink, Supplement",Complan,16-04-2025
503,Chocolate Biscuits - Cream 4 Fun,Snacks & Branded Foods,Biscuits & Cookies,Dukes,13-03-2025
504,Oat Krunch - Dark Chocolate,Gourmet & World Food,Chocolates & Biscuits,Munchys,23-07-2025
505,Soft & Fresh Soap Bar,Beauty & Hygiene,Bath & Hand Wash,Pears,06-12-2025
506,Oxygen Moisture Shampoo,Beauty & Hygiene,Hair Care,Dove,23-10-2025
507,"Almond Milk - Unsweetened, Lactose-Free, Plant-Based Milk Alternative",Gourmet & World Food,Dairy & Cheese,Urban Platter,14-05-2025
508,Herbal Vedaprash Immunity Booster,Beauty & Hygiene,Health & Medicine,Vedapure,12-03-2025
509,"Table Ring - Trivet Round, Dia-13 cm","Kitchen, Garden & Pets",Kitchen Accessories,Kvg,18-07-2025
510,Premium International Healthy Nutmix - Value Pack,Gourmet & World Food,"Snacks, Dry Fruits, Nuts",Happilo,07-01-2025
511,Non Scratch Sponge,Cleaning & Household,"Mops, Brushes & Scrubs",Scotch brite,17-07-2025
512,Premium Care XXXL - 23 Diaper Pants,Baby Care,Diapers & Wipes,Pampers ,19-09-2025
513,Drumstick - Organically Grown,Fruits & Vegetables,Fresh Vegetables,Fresho,02-04-2025
514,Moisturzing Cream - Intense,Beauty & Hygiene,Skin Care,Dr.Batra'S,08-03-2025
515,Shikakai - Amla and Bhringraj,Beauty & Hygiene,Bath & Hand Wash,Godrej,27-07-2025
516,Amritsari Chhole Masala,"Foodgrains, Oil & Masala",Masalas & Spices,Keya,01-09-2025
517,Meswak Toothpaste,Beauty & Hygiene,Oral Care,Dabur,19-12-2025
518,Tofu Supreme - Regular,"Bakery, Cakes & Dairy",Non Dairy,Soyfit,12-07-2025
519,Honey Sunflower,Gourmet & World Food,"Snacks, Dry Fruits, Nuts",Tong Garden,11-10-2025
520,Premium Raw Organic Authentic Flaxseeds,Gourmet & World Food,"Snacks, Dry Fruits, Nuts",Happilo,20-08-2025
521,Ultra Protect Spray,Beauty & Hygiene,Bath & Hand Wash,Dr Rhazes,04-11-2025
522,Chia Mango Mint Jam,Gourmet & World Food,"Sauces, Spreads & Dips",Prasukh,31-05-2025
523,Asafoetida - Powder,"Foodgrains, Oil & Masala",Masalas & Spices,Double Horse,28-11-2025
524,"Pure Maple Syrup - Product Of Canada, Grade A, Robust Taste",Gourmet & World Food,"Sauces, Spreads & Dips",Urban Platter,03-05-2025
525,Flucon Tablets - Fights Allergy Naturally,Beauty & Hygiene,Health & Medicine,Jiva Ayurveda,17-01-2025
526,Tagara (Valerian) - Tablets,Beauty & Hygiene,Health & Medicine,Himalaya Wellness,15-08-2025
527,Masala - Pav Bhaji,"Foodgrains, Oil & Masala",Masalas & Spices,Eastern,24-09-2025
528,Cereal Flip Lid Container/Storage Jar - Assorted Colour,Cleaning & Household,Bins & Bathroom Ware,Nakoda,24-09-2025
529,Greek Yogurt Smoothie - Strawberry,Gourmet & World Food,Drinks & Beverages,Epigamia ,10-12-2025
530,Marvel Spiderman Metal Kids Pencil Box,Cleaning & Household,Stationery,Hm International,02-11-2025
531,Jeera Nibbles,Snacks & Branded Foods,Biscuits & Cookies,Dukes,17-12-2025
532,Pure Aloe Vera Gel,Beauty & Hygiene,Skin Care,Jeva,15-12-2025
533,Organic Quinoa Power Rice Cake,Gourmet & World Food,"Snacks, Dry Fruits, Nuts",Wise Crack,09-08-2025
534,Hair Styling Gel - High Hold With Wet Looks,Beauty & Hygiene,Men's Grooming,Man Arden,23-09-2025
535,Brazil - Single Origin Dark Chocolate,Gourmet & World Food,Chocolates & Biscuits,Toska Chocolates,29-05-2025
536,Sesame Chikki,Snacks & Branded Foods,Indian Mithai,Paper Boat,30-01-2025
537,Jerk Sauce,Snacks & Branded Foods,"Spreads, Sauces, Ketchup",Bechef,03-06-2025
538,Organic Elicoidali Pasta,Gourmet & World Food,"Pasta, Soup & Noodles",Anmara,04-11-2025
539,Elegant Fruit Center Filled Choco Assortment,Gourmet & World Food,Chocolates & Biscuits,KOKOLEKA,15-12-2025
540,"Basting Brush Kitchen Oil Cooking Tool - Silicon Plastic, Pink/Peach Assorted, BB1166","Kitchen, Garden & Pets",Bakeware,Casasunco,08-11-2025
541,Baby Powder With Fragrance,Baby Care,Baby Bath & Hygiene,Pigeon,03-05-2025
542,Supple Bounce Body Lotion,Beauty & Hygiene,Skin Care,Dove,12-03-2025
543,Glass Serving Mixing Bowl,"Kitchen, Garden & Pets",Crockery & Cutlery,Gupta Glass Ideas,20-05-2025
544,Tawa Pav Bhaji Masala,"Foodgrains, Oil & Masala",Masalas & Spices,Keya,16-02-2025
545,"Bathing Bar Soap - Germ Protection, Original",Beauty & Hygiene,Bath & Hand Wash,Dettol,07-02-2025
546,Nylon Rope,Cleaning & Household,Bins & Bathroom Ware,SSS,06-02-2025
547,Cleaner - Jewelery,Cleaning & Household,All Purpose Cleaners,Weiman,12-08-2025
548,Tasty Ragi Chivda,Gourmet & World Food,"Snacks, Dry Fruits, Nuts",Graminway,09-08-2025
549,Crunchy & Creame Wafer Biscuit - Vanilla,Gourmet & World Food,Chocolates & Biscuits,Harveys,04-07-2025
550,Fevicryl - Pearl Kit,Cleaning & Household,Stationery,Pidilite,18-02-2025
551,"Deluxe Granite Non-Stick Omni Tawa, 250 mm (36301)","Kitchen, Garden & Pets",Cookware & Non Stick,Prestige,21-09-2025
552,"Granola - Choco, Almond & Cookies",Snacks & Branded Foods,Breakfast Cereals,Fit & Flex,26-12-2025
553,Peanut Brittle - With Jaggery,Gourmet & World Food,Chocolates & Biscuits,Lindberg,25-12-2025
554,For Man Eau De Toilette,Beauty & Hygiene,Fragrances & Deos,Jacques Bogart,24-06-2025
555,"Novawhite Glutathione & Vitamin C Cream - For Men & Women, Suitable For all Skin Types",Beauty & Hygiene,Skin Care,Bionova,26-12-2025
556,"Klick Lead - 10HB, 10 Leads",Cleaning & Household,Stationery,Camlin,28-09-2025
557,Bhumyalakki Tablets,Beauty & Hygiene,Health & Medicine,Muniyal Ayurveda,14-09-2025
558,Juice/Milk Mugs,"Kitchen, Garden & Pets",Crockery & Cutlery,Yera,15-06-2025
559,Pizza Topping,Gourmet & World Food,Tinned & Processed Food,HappyChef,08-06-2025
560,Shaving Foam,Beauty & Hygiene,Men's Grooming,Red Hunt,22-06-2025
561,Mix - Rava Dosai,Snacks & Branded Foods,Ready To Cook & Eat,Gits,06-05-2025
562,Aloe Vera - Organically grown,Fruits & Vegetables,Exotic Fruits & Veggies,Fresho,12-10-2025
563,"Green Tea - Mint, Good morning",Beverages,Tea,Wagh Bakri,01-04-2025
564,Bathing Soap - Cucumber & Coconut,Beauty & Hygiene,Bath & Hand Wash,Himalaya,22-04-2025
565,Imitation - Crab Sticks,"Eggs, Meat & Fish",Fish & Seafood,Gadre,03-02-2025
566,Shot Body Spray - Royal Jade,Beauty & Hygiene,Fragrances & Deos,Layerr,29-09-2025
567,Camne Vid,Beauty & Hygiene,Health & Medicine,Dabur,22-04-2025
568,Madrid - Dessert Spoons,"Kitchen, Garden & Pets",Crockery & Cutlery,FNS,04-02-2025
569,Raw Chia Basil Seeds,Gourmet & World Food,"Snacks, Dry Fruits, Nuts",True Elements,07-05-2025
570,Jalapeno Pasta Sauce 385 g + Sriracha Chilli Sauce 185 g + Hot Sauce 75 ml,Snacks & Branded Foods,"Spreads, Sauces, Ketchup",Habanero,12-01-2025
571,"Shot Body Spray - Gold, Passion",Beauty & Hygiene,Fragrances & Deos,Layerr,14-05-2025
572,Toilex With Roundy Cont.- Vf,Cleaning & Household,"Mops, Brushes & Scrubs",Gala,07-09-2025
573,"Toilet Roll - 4 Rolls, 3 ply",Cleaning & Household,"Disposables, Garbage Bag",Paseo,09-06-2025
574,Pumpkin Oil - Cold Pressed,Gourmet & World Food,Oils & Vinegar,Health 1st,12-11-2025
575,Darjeeling White Teabags - Reeti,Beverages,Tea,Teamonk,17-06-2025
576,Twin Bucket Spin Mop - Green - 2 Refills,Cleaning & Household,"Mops, Brushes & Scrubs",Scotch brite,28-08-2025
577,Expanding Folder,Cleaning & Household,Stationery,B Vishal,15-09-2025
578,Mouthwash Liquid - Cool Mint With Mild Taste,Beauty & Hygiene,Oral Care,Listerine,10-06-2025
579,Quick Chai Masala,Beverages,Tea,Tata Tea,23-02-2025
580,Non Alcoholic Beverage - Mango Chilli Mojito Mixer,Gourmet & World Food,Drinks & Beverages,JIMMY'S COCKTAILS,25-09-2025
581,Intimate Lightening Serum,Beauty & Hygiene,Skin Care,Namyaa,02-12-2025
582,Olive Oil - Pomace,Gourmet & World Food,Oils & Vinegar,La Espanola,06-10-2025
583,X-Tenso Care Straight Masque,Beauty & Hygiene,Hair Care,LOreal Professionnel,25-05-2025
584,Monosodium Glutamate,Gourmet & World Food,Cooking & Baking Needs,Puramate,31-07-2025
585,Pomace Olive Oil,Gourmet & World Food,Oils & Vinegar,Fragata,21-06-2025
586,"Puppy Dog Treat - Chicken & Liver Chunks, (Rs 25 Off ) Value Saver Pack","Kitchen, Garden & Pets",Pet Food & Accessories,Pedigree,08-03-2025
587,Masala - Vegetable,"Foodgrains, Oil & Masala",Masalas & Spices,Eastern,23-04-2025
588,Cheese - Mozzarella & Cheddar,Gourmet & World Food,Dairy & Cheese,Dairy Craft,22-10-2025
589,Baby Oil With Fruit Extracts,Baby Care,Baby Bath & Hygiene,Mee Mee,12-03-2025
590,Soya Milk - Vanilla,"Bakery, Cakes & Dairy",Non Dairy,Sofit ,18-05-2025
591,Sunlite Spray,Beauty & Hygiene,Skin Care,Aroma Magic ,05-08-2025
592,Max Fresh New Super Plastic Lunch Box/Tiffin Box - Blue,"Kitchen, Garden & Pets",Storage & Accessories,Cello,07-08-2025
593,Fruit Yoghurt - Mango,"Bakery, Cakes & Dairy",Dairy,Milky Mist,26-12-2025
594,Chipotle Pepper Sauce,Gourmet & World Food,Cooking & Baking Needs,Tabasco,06-11-2025
595,Dairy Milk Black Forest - Imported,Gourmet & World Food,Chocolates & Biscuits,Cadbury,25-12-2025
596,Organic Brown Sugar/Sakkare,"Foodgrains, Oil & Masala",Organic Staples,MeraKisan,08-01-2025
597,Ready to Eat - Chicken Darbari,Snacks & Branded Foods,Ready To Cook & Eat,Kitchens Of India,02-10-2025
598,Nuts Hazelnuts regular,Gourmet & World Food,Chocolates & Biscuits,Sapphire,09-02-2025
599,Roasted Sunflower Pumpkin & Flax Seeds,Gourmet & World Food,"Snacks, Dry Fruits, Nuts",True Elements,16-04-2025
600,Organic Paneer,"Bakery, Cakes & Dairy",Dairy,Farm Connect,30-01-2025
601,"Multipurpose Plastic Basket - Laundry/Clothes, Blue, Oval",Cleaning & Household,Bins & Bathroom Ware,Ratan,29-11-2025
602,"Man-In-Charge - Aqua Blue, Eau De Parfum",Beauty & Hygiene,Fragrances & Deos,OGA,11-11-2025
603,Ayurvedic Karela Powder,Beauty & Hygiene,Health & Medicine,Meghdoot,23-06-2025
604,Sweetss - Badam halwa,Snacks & Branded Foods,Indian Mithai,Sangam Sweets,16-09-2025
605,Pre Shave Foam - Classic Sensitive Skin,Beauty & Hygiene,Men's Grooming,Gillette,06-08-2025
606,Tomato Ketchup,Snacks & Branded Foods,"Spreads, Sauces, Ketchup",Madhur,29-09-2025
607,Premium Flat Square Plastic Container Set - Blue,"Kitchen, Garden & Pets",Storage & Accessories,Mastercook,05-01-2025
608,Lime Fresh 500 ml + Laundry San- Spring Blossom 480 ml,Cleaning & Household,All Purpose Cleaners,Dettol,17-01-2025
609,Touch 'N' Fresh - Wild Lavender,Cleaning & Household,Fresheners & Repellents,Glade,02-05-2025
610,Crushed Chikki Peanut Bar,Snacks & Branded Foods,Indian Mithai,Paper Boat,10-01-2025
611,"Sausage - Chicken, Cocktail","Eggs, Meat & Fish","Sausages, Bacon & Salami",Quickee'S,09-01-2025
612,Make Up Remover+Brightening Nigt Cream,Beauty & Hygiene,Skin Care,Kaya Clinic,07-08-2025
613,Pore Shrinking Face Pack,Beauty & Hygiene,Skin Care,TJORI,15-07-2025
614,Wafers - Vanilla & Hazelnut,Gourmet & World Food,Chocolates & Biscuits,Harveys,12-09-2025
615,Wasabi Coated Green Peas,Gourmet & World Food,"Snacks, Dry Fruits, Nuts",Tong Garden,10-01-2025
616,Hair Spa Detoxifying Shampoo,Beauty & Hygiene,Hair Care,LOreal Professionnel,20-10-2025
617,Fruit Power Juice- Mixed Berries,Beverages,Fruit Juices & Drinks,Real,03-03-2025
618,Nilgiris Green Tea - Zoho Lemongrass,Beverages,Tea,Teamonk,26-08-2025
619,Borosilicate Glass Round Food Container With Dark Blue Lid,"Kitchen, Garden & Pets",Storage & Accessories,BB Home,23-12-2025
620,Cloth Clip,Cleaning & Household,Bins & Bathroom Ware,Reliance,10-12-2025
621,Original Soap,Beauty & Hygiene,Bath & Hand Wash,Tabac,17-02-2025
622,Daily Defence Instant Fairness Cream,Beauty & Hygiene,Men's Grooming,Qraa Men,03-01-2025
623,Kashmiri Kahwa Green Tea,Gourmet & World Food,Drinks & Beverages,TGL Co.,20-03-2025
624,Cookies - Atta Desi Ghee,"Bakery, Cakes & Dairy","Cookies, Rusk & Khari",Tasties,16-11-2025
625,Biscuits - Badam Pista,"Bakery, Cakes & Dairy","Cookies, Rusk & Khari",Tasties,09-09-2025
626,Gulabari Moisturising Cold Cream,Beauty & Hygiene,Skin Care,Dabur,31-08-2025
627,"Glass Bottle With Removable Fabric Cover - Grey, BB1317","Kitchen, Garden & Pets",Storage & Accessories,DP,12-08-2025
628,All Time Plastic Soup Strainer - Assorted Colour,"Kitchen, Garden & Pets",Kitchen Accessories,All Time,09-11-2025
629,"Active Salt Toothpaste - Saver Pack 300 g + Mouthwash - Plax, Active Salt 250 ml",Beauty & Hygiene,Oral Care,Colgate,13-06-2025
630,"Baby Food with Sprouted Grains - Ragi Rich, 6+ Months, Rich in Vitamins & Minerals, No Milk",Baby Care,Baby Food & Formula,Manna ,17-08-2025
631,Biofluence Therapeutic Shampoo,Beauty & Hygiene,Hair Care,Hair4U,23-07-2025
632,Vitamin D3 Tablets - 5000 IU D3,Beauty & Hygiene,Health & Medicine,PureFoods,04-05-2025
633,Organic Kala Chana,"Foodgrains, Oil & Masala",Organic Staples,Organic Tattva,19-08-2025
634,Soya Nuts - Roasted,Gourmet & World Food,"Snacks, Dry Fruits, Nuts",Nutty Yogi,05-12-2025
635,Potato Crisp Chips - Original,Gourmet & World Food,"Snacks, Dry Fruits, Nuts",Chizzpa,26-09-2025
636,5 Star Oreo Chocolate Bar,Snacks & Branded Foods,Chocolates & Candies,Cadbury,08-10-2025
637,Pad Thai Noodles,Gourmet & World Food,"Pasta, Soup & Noodles",Real Thai,17-04-2025
638,Xanthan Gum,Gourmet & World Food,Cooking & Baking Needs,Purix,15-03-2025
639,Mint Seasoning,"Foodgrains, Oil & Masala",Masalas & Spices,Orika,16-10-2025
640,Cranberry Kombucha,Gourmet & World Food,Drinks & Beverages,Toyo Kombucha,03-07-2025
641,Nomarks - Antimarks Soap For Normal Skin,Beauty & Hygiene,Health & Medicine,Bajaj,14-05-2025
642,M1 Perfume Spray - For Men,Beauty & Hygiene,Men's Grooming,Engage,09-03-2025
643,"Passiflora Herb Powder - Supports Low Stress, Strain & Low Blood Pressure",Beauty & Hygiene,Health & Medicine,Bixa Botanical,01-07-2025
644,Zeb Rise Wired 1200 DPI USB Optical High Precision Mouse,Cleaning & Household,Stationery,Zebronics,30-07-2025
645,Glass Cleaner,Cleaning & Household,All Purpose Cleaners,Excel Plus,14-11-2025
646,Aika Snack Bowl Set,"Kitchen, Garden & Pets",Crockery & Cutlery,Craftel,17-11-2025
647,Hyderabadi Dum Biryani Masala,Gourmet & World Food,Cooking & Baking Needs,As Chefs Cook,03-06-2025
648,Mogo Mogo Fruit Green Tea Make Brew Iced Tea or Hot Tea,Gourmet & World Food,Drinks & Beverages,TGL Co.,04-07-2025
649,"Cat Treats - Salmon Rings, Purr-Fect","Kitchen, Garden & Pets",Pet Food & Accessories,Kittos,28-04-2025
650,Breakfast Protein Variety Bar - Almond Coconut,Gourmet & World Food,Cereals & Breakfast,Yoga bar,18-11-2025
651,Medium Wire Hooks,"Kitchen, Garden & Pets",Storage & Accessories,Command,03-09-2025
652,Intense Gel Lime  Fresh,Cleaning & Household,All Purpose Cleaners,Wc Net,13-10-2025
653,Cashew/Kaju Whole Small W320 500g + Raisins/Kishmish - Indian 500g,"Foodgrains, Oil & Masala",Dry Fruits,bb Popular,13-10-2025
654,Tahini,"Foodgrains, Oil & Masala",Masalas & Spices,Bechef,18-06-2025
655,Atta Noodles - Masala,Snacks & Branded Foods,"Noodle, Pasta, Vermicelli",Top Ramen ,07-10-2025
656,Original Deodorant For Women,Beauty & Hygiene,Fragrances & Deos,Dove,14-06-2025
657,Noodles - Medium Egg,Snacks & Branded Foods,"Noodle, Pasta, Vermicelli",Blue Dragon,02-01-2025
658,Happy Chef Pasta- Penne Rigate 500g +Sauce - Arrabiata 270g +Borges Olive Oil 1L,Gourmet & World Food,"Sauces, Spreads & Dips",bb Combo,06-02-2025
659,Blemishes & Acne Control Sheet Mask (Pack of 6),Beauty & Hygiene,Skin Care,Mirabelle,24-01-2025
660,"Super Tight Plastic Container - Printed, Assorted Colour","Kitchen, Garden & Pets",Storage & Accessories,JOYO,02-05-2025
661,Under Eye Gel,Beauty & Hygiene,Skin Care,Organic Harvest,29-12-2025
662,Dates Pickle,Snacks & Branded Foods,Pickles & Chutney,Double Horse,01-02-2025
663,Instant Noodles - Pepper Crab Flavor,Gourmet & World Food,"Pasta, Soup & Noodles",Koka,15-10-2025
664,"Confeito Rainbow Vermicelli, Sprinkles",Gourmet & World Food,Cooking & Baking Needs,Wow Confetti,01-01-2025
665,Aroma Oil,Cleaning & Household,Fresheners & Repellents,Soulflower,15-08-2025
666,Honey - Weight Watchers,Snacks & Branded Foods,"Spreads, Sauces, Ketchup",Future Organics,18-11-2025
667,Adhesive - All Fix Clear & Non Staining All Purpose,Cleaning & Household,Stationery,Pidilite,28-08-2025
668,Amaranth Grains,Gourmet & World Food,Cooking & Baking Needs,GoodDiet,18-03-2025
669,Garlic Treat,Snacks & Branded Foods,Snacks & Namkeen,FruitTreat,01-04-2025
670,Steel Lunch/Tiffin Box With 4 Containers - 8X4,"Kitchen, Garden & Pets",Steel Utensils,BB Home,19-01-2025
671,"Disposable Bamboo Wood Skewers/Pickers - For Use With Barbecue, 8 Inch","Kitchen, Garden & Pets",Kitchen Accessories,Bamboooz,13-06-2025
672,Gulab Jamun - Gol M Gol,Snacks & Branded Foods,Ready To Cook & Eat,Bikaji,03-03-2025
673,Aloe Vera Kanti - Body Cleanser Soap,Beauty & Hygiene,Bath & Hand Wash,Patanjali,06-10-2025
674,Refillable Gas Lighter With Flame (27.5cm),"Kitchen, Garden & Pets",Kitchen Accessories,Fackelmann,24-01-2025
675,"Garbage Bags - Compostable, 100% Corn Starch, Large, Green, Mono-Carton(24x32 Inches)",Cleaning & Household,"Disposables, Garbage Bag",BB Home,27-02-2025
676,"Focus - Super Dog Food, For Adults","Kitchen, Garden & Pets",Pet Food & Accessories,Drools,05-04-2025
677,Room Air Freshener Spray - Rose Garden,Cleaning & Household,Fresheners & Repellents,Odonil ,16-05-2025
678,Toilet Cleaner Clinging Bleach Gel,Cleaning & Household,All Purpose Cleaners,Clorox,31-10-2025
679,Organic - Sambar Powder,"Foodgrains, Oil & Masala",Organic Staples,Organic Tattva,09-01-2025
680,Choco Delite Bar,Snacks & Branded Foods,Breakfast Cereals,RiteBite Max Protein,15-11-2025
681,Pain Relief Cream,Beauty & Hygiene,Health & Medicine,Moov,11-07-2025
682,Luna Water/Juice/Whisky Tumbler,"Kitchen, Garden & Pets",Crockery & Cutlery,Pasabahce,02-08-2025
683,Marvel Avengers Small 304 Stainless Steel Lunch Box/Tiffin Box - HMHTLB 73357-AV,"Kitchen, Garden & Pets",Storage & Accessories,Hm International,08-01-2025
684,Silicone Pacifier Step 2 - Purple Flower,Baby Care,Baby Accessories,Pigeon Baby,25-01-2025
685,Olive Oil,Beauty & Hygiene,Skin Care,ST. D'VENCE,13-03-2025
686,"Cerelac Baby Cereal with Milk - Wheat Apple, From 6-12 Months, Rich in Iron",Baby Care,Baby Food & Formula,Nestle ,01-02-2025
687,Rockers - Chocolate laddu,Snacks & Branded Foods,Indian Mithai,MISHT,28-09-2025
688,Muffin/Cup Cake - Vanilla,"Bakery, Cakes & Dairy",Cakes & Pastries,Fresho Signature,15-03-2025
689,Gunpowder Temple of Heaven Hand Rolled Green Tea,Gourmet & World Food,Drinks & Beverages,TGL Co.,03-09-2025
690,Cool Wind Eau De Toilette Deodorant,Beauty & Hygiene,Men's Grooming,Nike,15-08-2025
691,Sausage - Chicken Piri Piri,"Eggs, Meat & Fish","Sausages, Bacon & Salami",La Carne,14-10-2025
692,"Kesari Shakti Kalp Chyawanprash - Immunity Booster With Gold, Silver & Saffron",Beauty & Hygiene,Health & Medicine,Baidyanath,02-06-2025
693,Immuniveda Golden Turmeric Milk Mix - Immunity Booster,Gourmet & World Food,Drinks & Beverages,Saffola,08-11-2025
694,"Air Freshener - Lavender Flavoured, Paper, BB1100",Cleaning & Household,Fresheners & Repellents,Kuxuna,02-06-2025
695,Edam Ball Cheese - Diced,Gourmet & World Food,Dairy & Cheese,Fresho Signature,20-06-2025
696,Green Chilly - Chopped,Fruits & Vegetables,Cuts & Sprouts,Fresho,09-06-2025
697,Channa Masala,"Foodgrains, Oil & Masala",Masalas & Spices,bb Royal,17-12-2025
698,Red Pasta Sauce,Snacks & Branded Foods,Ready To Cook & Eat,Weikfield,01-11-2025
699,100% Pure Honey - Worlds No.1 Honey Brand With No Sugar Adulteration,Snacks & Branded Foods,"Spreads, Sauces, Ketchup",Dabur,26-04-2025
700,Disney Cinderella Princess PVC Embossed Pencil Bag - HMHTPB 72231-CIN,Cleaning & Household,Stationery,Hm International,30-11-2025
701,Prosto-8 Tablet,Beauty & Hygiene,Health & Medicine,Meghdoot,25-05-2025
702,Exfoliating Walnut Scrub,Beauty & Hygiene,Skin Care,Everyuth Naturals,29-11-2025
703,"Accurate Seal Plastic Tea, Coffee, Sugar Storage Container/Canister - Blue","Kitchen, Garden & Pets",Storage & Accessories,Asian,17-11-2025
704,Mousepad With Gel & Wrist Support,Cleaning & Household,Stationery,KCL,09-10-2025
705,Premium Raw Organic Holy Basil Seeds,Gourmet & World Food,"Snacks, Dry Fruits, Nuts",Happilo,06-10-2025
706,"Namkeen - Murku, Ribbon",Snacks & Branded Foods,Snacks & Namkeen,Sanjay ,02-03-2025
707,Organic - Green Peas/Ona Batani,"Foodgrains, Oil & Masala",Organic Staples,bb Royal,12-02-2025
708,Chewy Mints - Lemon,Snacks & Branded Foods,Chocolates & Candies,Doublemint,16-08-2025
709,Plain Container Jumbo Combo Set - Blue,"Kitchen, Garden & Pets",Storage & Accessories,Suvidha,01-04-2025
710,Nacho Crisps - Cheese & Herbs,Gourmet & World Food,"Snacks, Dry Fruits, Nuts",Cornitos,19-09-2025
711,Syrup - Peach,Gourmet & World Food,Drinks & Beverages,Monin,22-01-2025
712,Disney Frozen 304 Stainless Steel Lunch Box/Tiffin Box - HMWWLB 85274-FZ,"Kitchen, Garden & Pets",Storage & Accessories,Hm International,29-09-2025
713,Jack Fruit Chips,Snacks & Branded Foods,Snacks & Namkeen,A-1 Chips,22-06-2025
714,Organic Sona Masoori White Rice/Akki,"Foodgrains, Oil & Masala",Organic Staples,bb Royal,12-04-2025
715,Pet Food - Variety Stix,"Kitchen, Garden & Pets",Pet Food & Accessories,Jerhigh,16-03-2025
716,Thyme & Rosemary Hair Tonic - Scalp-cleansing Treatment,Beauty & Hygiene,Health & Medicine,Jiva Ayurveda,26-07-2025
717,"Deccan Gold - Premium Filter Coffee, 80:20 Blend",Beverages,Coffee,PRISTINE,23-09-2025
718,Multigrain Chips - Dahi Papdi Chaat,Snacks & Branded Foods,Snacks & Namkeen,Too Yumm!,04-03-2025
719,Shikanji & Chaat Savoury Taste Makers,Gourmet & World Food,Cooking & Baking Needs,Cafe Junyali,20-08-2025
720,Value Pack - Blueberry Almond Crisps + California Pistachio Crunch,Gourmet & World Food,"Snacks, Dry Fruits, Nuts",Epiphany Snacks,02-09-2025
721,Sensitive - With Anti-Sensitivity & Fluoride Toothpaste,Beauty & Hygiene,Oral Care,Clove,12-07-2025
722,"Bucket - Super, Green",Cleaning & Household,Bins & Bathroom Ware,Cello,09-08-2025
723,"Eau De Parfum - Hydra Energy, For Men",Beauty & Hygiene,Fragrances & Deos,Wild Stone,24-08-2025
724,Safe Sun Sun Block Cream PA+ - SPF 20,Beauty & Hygiene,Skin Care,Lotus Herbals,19-12-2025
725,Chandan Kesar Haldi Face Pack,Beauty & Hygiene,Skin Care,Vaadi,22-08-2025
726,Hazel Nut,Gourmet & World Food,"Snacks, Dry Fruits, Nuts",SAPPHERO,03-09-2025
727,Pickle - Avakkai,Snacks & Branded Foods,Pickles & Chutney,Mambalam Iyers,01-05-2025
728,French Lavender Oil & Rose Water Face Wash,Beauty & Hygiene,Skin Care,ST. D'VENCE,14-10-2025
729,Green Moong//Hesaru Kaalu - Split,"Foodgrains, Oil & Masala",Dals & Pulses,Super Saver,02-05-2025
730,Bio Papaya Scrub Wash,Beauty & Hygiene,Skin Care,BIOTIQUE,08-04-2025
731,"Organic Red Gram/Tur Dal - Split, Skinned","Foodgrains, Oil & Masala",Dals & Pulses,Earthon,11-09-2025
732,"Clothes Storage Laundry Bag - Text Printed, Blue, BB-549",Cleaning & Household,Bins & Bathroom Ware,DP,25-03-2025
733,Ramen Noodle Soup - Kimchi,Gourmet & World Food,"Pasta, Soup & Noodles",Samyang,22-03-2025
734,Eyeconic Kajal,Beauty & Hygiene,Makeup,Lakme,20-06-2025
735,Stainless Steel Water Bottle - Red BB 508,"Kitchen, Garden & Pets",Storage & Accessories,DP,15-07-2025
736,Nilgiris Green Teabags - Anicca Chamomile,Beverages,Tea,Teamonk,30-08-2025
737,4mm Aluminium Kadai With Handle - Silver,"Kitchen, Garden & Pets",Cookware & Non Stick,HAZEL,22-11-2025
738,Select - Chhole Masala,"Foodgrains, Oil & Masala",Masalas & Spices,Valley Spice,21-11-2025
739,Borosilicate Glass Round Container With Lid - Green,"Kitchen, Garden & Pets",Storage & Accessories,BB Home,06-07-2025
740,Protein Bars - Peanut Cocoa,Gourmet & World Food,Cereals & Breakfast,The Whole Truth,17-07-2025
741,2X French Perfume Fabric Conditioner,Cleaning & Household,Detergents & Dishwash,Softouch,30-10-2025
742,Chilli Powder/Menasina Pudi,"Foodgrains, Oil & Masala",Masalas & Spices,Iyengar Spices & Food Specialists ,14-08-2025
743,Madras Sambar Powder,"Foodgrains, Oil & Masala",Masalas & Spices,Eastern,18-06-2025
744,Frappuccino - Coffee,Gourmet & World Food,Drinks & Beverages,Starbucks,17-07-2025
745,Cup Noodles - Italiano,Snacks & Branded Foods,"Noodle, Pasta, Vermicelli",Nissin,01-06-2025
746,"Cat Care - Comfort Bowl, 32Oz GIb1010","Kitchen, Garden & Pets",Pet Food & Accessories,Glenand,26-12-2025
747,Sylvana Whisky Glass Tumbler,"Kitchen, Garden & Pets",Crockery & Cutlery,Pasabahce,28-03-2025
748,Flavoured Milk - Pista,"Bakery, Cakes & Dairy",Dairy,Heritage,23-10-2025
749,India's No 1 Fluoride Free Toothpaste,Beauty & Hygiene,Oral Care,Dabur Meswak,09-12-2025
750,Mild Cheddar - Red Portion,Gourmet & World Food,Dairy & Cheese,Grandma Singletons,20-03-2025
751,Wassup Pup Sulphate Free Puppy Shampoo,"Kitchen, Garden & Pets",Pet Food & Accessories,Captain Zack,06-03-2025
752,Pinnacle Pride Lunch/Tiffin Kit - Yellow,"Kitchen, Garden & Pets",Storage & Accessories,Pinnacle,09-03-2025
753,Red Hot Anti Germ Mouthwash,Beauty & Hygiene,Oral Care,Closeup,22-09-2025
754,Premium Eau De Toilette,Beauty & Hygiene,Fragrances & Deos,The Man Company,26-02-2025
755,"Coffee Roasters - Dark Vienna Roast, French Press",Gourmet & World Food,Drinks & Beverages,Blue Tokai ,23-05-2025
756,Pure Shilajit - Resin Form,Beauty & Hygiene,Health & Medicine,Upakarma,01-02-2025
757,Pickle - Chicken,Snacks & Branded Foods,Pickles & Chutney,Double Horse,02-03-2025
758,Taft Ultimate Hair Lacquer Ultimately Strong 6,Beauty & Hygiene,Hair Care,Schwarzkopf,25-06-2025
759,Vinegar - Apple Cider Vinegar + Garcinia,Gourmet & World Food,Oils & Vinegar,Kapiva Ayurveda,25-03-2025
760,Baby Powder,Baby Care,Baby Bath & Hygiene,Johnson's baby,17-02-2025
761,Aloe 90% Soothing Gel,Beauty & Hygiene,Skin Care,It's Skin,12-01-2025
762,Assam Tea,Gourmet & World Food,Drinks & Beverages,Te-A-Me,18-10-2025
763,In-Shower Hair Removal Cream For Men & Women - Normal Skin,Beauty & Hygiene,Feminine Hygiene,Veet,27-11-2025
764,Chicken Nuggets,Snacks & Branded Foods,Frozen Veggies & Snacks,sumeru,27-12-2025
765,Organic - Pumpkin Seeds/Kumbalakayi Bija,"Foodgrains, Oil & Masala",Organic Staples,bb Royal,01-02-2025
766,Atlantic Salmon - Smoked  Presliced,"Eggs, Meat & Fish",Fish & Seafood,Big Sams,06-08-2025
767,Evening Primrose Oil - Vegetarian Capsule (500 mg),Beauty & Hygiene,Hair Care,Sri Sri Ayurveda ,08-10-2025
768,Beetroot - Julienne,Fruits & Vegetables,Cuts & Sprouts,Fresho,25-02-2025
769,"Green Tea - Tulsi, Good Morning",Beverages,Tea,Wagh Bakri,24-02-2025
770,Fabric Conditioner - Rose Fresh,Cleaning & Household,All Purpose Cleaners,Comfort,29-07-2025
771,"Graphene Anion Day Use, L",Beauty & Hygiene,Feminine Hygiene,Colleen,01-02-2025
772,Istanbul Juice/Whisky Glass Tumbler,"Kitchen, Garden & Pets",Crockery & Cutlery,Pasabahce,29-04-2025
773,Organic - White Pepper,"Foodgrains, Oil & Masala",Organic Staples,bb Royal,18-05-2025
774,Diet Chivda,Snacks & Branded Foods,Snacks & Namkeen,Garden,03-06-2025
775,Chilli Garlic Aioli Dip,Snacks & Branded Foods,"Spreads, Sauces, Ketchup",All That Dips,26-11-2025
776,Jasmine Heart Bath Personal Care Gift Set,Beauty & Hygiene,Bath & Hand Wash,Soulflower,17-08-2025
777,"Loofah/Sponge Scrubber/Body - Pink, BH-064D PNK",Beauty & Hygiene,Bath & Hand Wash,BB Home,23-08-2025
778,Safe Sun Kids Sun Block Cream - SPF 25,Beauty & Hygiene,Skin Care,Lotus Herbals,04-11-2025
779,Pasta & Pizza Sauce - No Onion & No Garlic,Snacks & Branded Foods,"Spreads, Sauces, Ketchup",Veeba,16-07-2025
780,Soap Case - Glory,Beauty & Hygiene,Bath & Hand Wash,Reliance Plast,24-08-2025
781,Peanut Butter - Chunky,Gourmet & World Food,"Sauces, Spreads & Dips",American Garden ,29-10-2025
782,Skin Gel - Under Eye,Beauty & Hygiene,Skin Care,Richfeel,28-01-2025
783,"Honey Comb Touch Non-Stick Flat Tawa - 260 mm, Black","Kitchen, Garden & Pets",Cookware & Non Stick,Nirlon,15-05-2025
784,"Face Mask - Pro Tech 95, 6 layered, Medium, MK18003",Beauty & Hygiene,Health & Medicine,T BASE,30-03-2025
785,Hand Soap - Lavender & Chamomile,Beauty & Hygiene,Bath & Hand Wash,Skin Cottage ,12-06-2025
786,Durum Wheat Pasta- Penne Rigate 500 g Carton + Pasta Sauce- Arrabbiata 400 g Jar,Gourmet & World Food,"Sauces, Spreads & Dips",Barilla,08-08-2025
787,Oil - Gingelly,"Foodgrains, Oil & Masala",Edible Oils & Ghee,Idhayam,09-03-2025
788,Ragi - Whole,"Foodgrains, Oil & Masala",Organic Staples,Organic Tattva,30-12-2025
789,"Capsules - Shilajit Gold for Strength, Stamina & Power",Beauty & Hygiene,Health & Medicine,Dabur,12-01-2025
790,100% Melamine 3D Soup Spoon - Blue,"Kitchen, Garden & Pets",Crockery & Cutlery,Iveo ,28-03-2025
791,Signature Gold Dark Vanilla & Oud Wood Perfume,Beauty & Hygiene,Fragrances & Deos,Axe,30-01-2025
792,"Super Moist Cake Mix - Yellow, Imported",Gourmet & World Food,Cooking & Baking Needs,Betty Crocker,10-06-2025
793,"Organic Pure Sweetener Blend - 1:4 Sugar Replacement Powder, Unbleached",Gourmet & World Food,"Sauces, Spreads & Dips",D-Alive,02-02-2025
794,"100% Whey Protein, Rich Chocolate",Beauty & Hygiene,Health & Medicine,IN2,17-03-2025
795,Chemba Puttu Podi,"Foodgrains, Oil & Masala","Atta, Flours & Sooji",Double Horse,28-12-2025
796,Ratnagiri Alphonso,Beverages,Fruit Juices & Drinks,B Natural,30-11-2025
797,Water Wiper - Nano,Cleaning & Household,"Mops, Brushes & Scrubs",Milton - Spotzero,03-12-2025
798,Tomato Salsa Dip - Enjoy With Nacho Chips,Gourmet & World Food,"Sauces, Spreads & Dips",Habanero,26-06-2025
799,Canadian Grade A Maple Syrup,Gourmet & World Food,"Sauces, Spreads & Dips",Maple Joe,18-11-2025
800,"Harippa Roasted Seeds - Pumpkin, Cheesy Onion",Gourmet & World Food,"Snacks, Dry Fruits, Nuts",True Elements,29-09-2025
801,Premium - 3 Follow-Up Formula,Baby Care,Baby Food & Formula,Dexolac,19-08-2025
802,Hand Wash - Green Apple,Beauty & Hygiene,Bath & Hand Wash,50ap,27-03-2025
803,Energy Bar Hazelnut Magic 6 pcs + Energy Bar Oat & Apricot 6 pcs,Snacks & Branded Foods,Breakfast Cereals,On The Run,10-06-2025
804,Stevia Tablets Dispenser,Gourmet & World Food,Cooking & Baking Needs,So Sweet,28-02-2025
805,"Steel Spoon set - Ice cream, Monde","Kitchen, Garden & Pets",Crockery & Cutlery,Anjali,30-10-2025
806,My Dream For Him - Perfumed Deodorant Natural Spray,Beauty & Hygiene,Fragrances & Deos,Embark,08-03-2025
807,Imli Khajoor Chutney,"Foodgrains, Oil & Masala",Masalas & Spices,Madhur,28-05-2025
808,Water & Juice Glass - Long,"Kitchen, Garden & Pets",Crockery & Cutlery,Krosno - Europe,17-03-2025
809,Dry Dates/Kharjura/Chuara,"Foodgrains, Oil & Masala",Dry Fruits,Soulfit,21-02-2025
810,Express Shine Sponge - Black,Cleaning & Household,Car & Shoe Care,Kiwi,14-01-2025
811,"Storewell Airtight Plastic Container - Transparent, With Purple Lid","Kitchen, Garden & Pets",Storage & Accessories,Laplast,04-10-2025
812,Olive Oil - Pomace,Gourmet & World Food,Oils & Vinegar,Basso,07-01-2025
813,Chai/100% Melamine Water/Juice Tumbler - Red,"Kitchen, Garden & Pets",Crockery & Cutlery,Iveo ,19-12-2025
814,100% Green Tea,Beverages,Tea,Sprig Tea,13-07-2025
815,Papad - Special Punjabi Masala,Snacks & Branded Foods,Ready To Cook & Eat,Atish ,04-03-2025
816,"Anti Viral & Anti Pollution N95 Face Mask - Tesu, Large, Assorted",Beauty & Hygiene,Health & Medicine,Airific,14-11-2025
817,Cookies - Cashew,Snacks & Branded Foods,Biscuits & Cookies,Unibic,06-05-2025
818,"Plastic Bucket With Handle - Off Ivory, New Nova, 15400",Cleaning & Household,Bins & Bathroom Ware,Ratan,08-04-2025
819,Millet Idly & Dosa Batter,Snacks & Branded Foods,Ready To Cook & Eat,Batter Box,15-02-2025
820,Plastic Clip Mop - 350,Cleaning & Household,"Mops, Brushes & Scrubs",Gebi ,29-03-2025
821,"Prawns, Peeled & Deveined","Eggs, Meat & Fish",Fish & Seafood,Fresho,16-10-2025
822,Serum Vegital Perfecting Toning Lotion - For All Skin Types,Beauty & Hygiene,Skin Care,YVES ROCHER,09-03-2025
823,"Spring Roll Sheets - 6""x6""",Snacks & Branded Foods,Frozen Veggies & Snacks,Switz,05-04-2025
824,Fiesta Serving Bowl With Serving Spoon - Assorted Colour,"Kitchen, Garden & Pets",Crockery & Cutlery,Nakoda,12-05-2025
825,"Glass Water Bottle With Round Base - Yellow, B1367","Kitchen, Garden & Pets",Storage & Accessories,BB Home,25-12-2025
826,Small Jars Set With Printed Lids,"Kitchen, Garden & Pets",Crockery & Cutlery,Yera,16-12-2025
827,Tasty Masala Coated Peanuts,Snacks & Branded Foods,Snacks & Namkeen,Tasties,08-09-2025
828,Masala - Paneer,"Foodgrains, Oil & Masala",Masalas & Spices,Tata Sampann,23-06-2025
829,Singhara Atta - Gluten Free,Gourmet & World Food,"Atta, Flours & Sooji",Graminway,11-06-2025
830,"Plastic Dustbin/Garbage Bin - Green With Black, Polka Dots, Bon Bon, 12081P-M-B",Cleaning & Household,Bins & Bathroom Ware,Ratan,15-08-2025
831,"Steel Storage/Lunch Container - No.14, Blue, Klip It","Kitchen, Garden & Pets",Steel Utensils,Joyo Steel,16-10-2025
832,Pink/Rosa Beauty Bathing Bar,Beauty & Hygiene,Bath & Hand Wash,Dove,26-04-2025
833,Sesame Oil - Cold Pressed,Gourmet & World Food,Oils & Vinegar,Health 1st,13-03-2025
834,Purifying Neem Facial Wipes,Beauty & Hygiene,Skin Care,Himalaya,17-06-2025
835,Fruit Juice - Mango Delight,Beverages,Fruit Juices & Drinks,Tropicana,10-05-2025
836,International Italian Mushroom Soup,Snacks & Branded Foods,Ready To Cook & Eat,Knorr,17-05-2025
837,"Plates - Marine Fish, Medium","Kitchen, Garden & Pets",Crockery & Cutlery,Pasabahce,23-08-2025
838,Pumpkin - Organically Grown,Fruits & Vegetables,Fresh Vegetables,Fresho,23-03-2025
839,Baby Wipes - Gentle,Baby Care,Diapers & Wipes,Himalaya Baby,18-12-2025
840,Face Scrub De Tan With Walnut Granules,Beauty & Hygiene,Men's Grooming,USTRAA,12-06-2025
841,Hazelnut Kernel,Gourmet & World Food,Cooking & Baking Needs,Puramate,25-06-2025
842,Mutton Delicate Chops,"Eggs, Meat & Fish",Mutton & Lamb,Premier,20-09-2025
843,Snail Moisture Mask Sheet,Beauty & Hygiene,Skin Care,It's Skin,11-10-2025
844,Nutri-licious Masala Veg Atta Noodles - Pouch,Snacks & Branded Foods,"Noodle, Pasta, Vermicelli",MAGGI ,06-11-2025
845,Masala - Mumbai Bhaji Pav,"Foodgrains, Oil & Masala",Masalas & Spices,Badshah,10-07-2025
846,Squash - Sarasaparilla/Nannari/Sugandhi Root,Beverages,Fruit Juices & Drinks,NaturoBell,22-02-2025
847,Pure Country Jaggery/Bella Powder,"Foodgrains, Oil & Masala","Salt, Sugar & Jaggery",Samvuddhi & Co,11-05-2025
848,"Steel Storage/Lunch Container - No.21, Pink, Klip It","Kitchen, Garden & Pets",Steel Utensils,Joyo Steel,18-08-2025
849,"Sanitary Pads - XL Plus Wings, Ultra",Beauty & Hygiene,Feminine Hygiene,Whisper ,26-07-2025
850,Herbal Peptide + Hyaluronic 4% Firming Serum - Complete Age Control Concentrate,Beauty & Hygiene,Skin Care,Soulflower,25-11-2025
851,Agar Agar Vegetarian Gelatin,Gourmet & World Food,Cooking & Baking Needs,By Nature,03-04-2025
852,Green Tea - Jasmine,Beverages,Tea,Typhoo,03-03-2025
853,Sapphire Storage Container - Assorted Colour,Cleaning & Household,Bins & Bathroom Ware,Nakoda,19-03-2025
854,Secondary Class Students - Online Learning,Cleaning & Household,Stationery,Classmate,16-04-2025
855,"Apple - Green, Premium",Fruits & Vegetables,Fresh Fruits,Fresho,03-07-2025
856,3-In-1 Conditioning Shampoo,Beauty & Hygiene,Hair Care,Brylcreem,21-07-2025
857,Makhana - Himalayan Salt & Pepper,Gourmet & World Food,"Snacks, Dry Fruits, Nuts",Nutty Yogi,08-08-2025
858,Gold Flash - Mosquito Repellent Combo Machine & Refill,Cleaning & Household,Fresheners & Repellents,Good knight,16-04-2025
859,Maharasnadi Kwath,Beauty & Hygiene,Health & Medicine,Kerala Ayurveda,07-10-2025
860,Aloe Face Wash Gel,Beauty & Hygiene,Skin Care,Green Leaf,19-09-2025
861,"Energy Bars - Berry, 4+ Years, 100% Natural & Healthy",Snacks & Branded Foods,Chocolates & Candies,Timios,07-08-2025
862,Hot & Cold Jug - Thermo Tuff,"Kitchen, Garden & Pets",Crockery & Cutlery,Asian,30-07-2025
863,PP Apple Belt,Gourmet & World Food,Chocolates & Biscuits,Kantan,09-04-2025
864,Shade Revive Plant Based Liquid Laundry Detergent,Cleaning & Household,Detergents & Dishwash,Born Good,16-07-2025
865,Sensual - Handmade Jasmine Bathing Bar With Natural Chunks,Beauty & Hygiene,Bath & Hand Wash,BodyHerbals,07-04-2025
866,El Paso Deodorant,Beauty & Hygiene,Fragrances & Deos,Lomani,30-11-2025
867,Complete Detergent Washing Powder,Cleaning & Household,Detergents & Dishwash,Ariel ,28-07-2025
868,Classic Chicken Delite Soup,Snacks & Branded Foods,Ready To Cook & Eat,Knorr,02-09-2025
869,Kitchen Cloth - Big,Cleaning & Household,"Mops, Brushes & Scrubs",Raju's Cloth,06-10-2025
870,Sugar Free Butter Cookies,Snacks & Branded Foods,Biscuits & Cookies,Unibic,05-08-2025
871,Chef Curated Marinade Pahadi,"Foodgrains, Oil & Masala",Masalas & Spices,Cambay Tiger,19-01-2025
872,Pro 4 Shaving Razor for Men - Blade + Handle + Cap,Beauty & Hygiene,Men's Grooming,LetsShave,12-03-2025
873,Curcumin Imbued Honey,Gourmet & World Food,"Sauces, Spreads & Dips",Sprig,11-01-2025
874,Flakes - Ragi,Snacks & Branded Foods,Breakfast Cereals,Health Sutra,01-02-2025
875,Sports Sunscreen Lotion SPF 50,Beauty & Hygiene,Skin Care,INATUR ,12-04-2025
876,Tea - Masala Vasala,Gourmet & World Food,Drinks & Beverages,Chymey,01-09-2025
877,"Diabetic Care - Apple Cider Vinegar Blended With Bermuda Grass, Guava Leaf Juice & Honey",Gourmet & World Food,Oils & Vinegar,DrNatcure,22-09-2025
878,Papaya & Apricot Anti Tan Scrub,Beauty & Hygiene,Skin Care,Glamveda,26-06-2025
879,Pasta - Orecchiette,Gourmet & World Food,"Pasta, Soup & Noodles",PastificioG Di Martino,08-04-2025
880,Bio Green - Apple Fresh Daily Purifying Shampoo & Conditioner,Beauty & Hygiene,Hair Care,BIOTIQUE,23-10-2025
881,Olive Pomace Oil,Gourmet & World Food,Oils & Vinegar,Pietro Coricelli,23-09-2025
882,Green Stuffed Hot Pepper Pickle,Gourmet & World Food,"Sauces, Spreads & Dips",Sakurafresh,13-01-2025
883,Organic Basmati Rice/Basmati Akki - White,"Foodgrains, Oil & Masala",Organic Staples,Organic Tattva,09-09-2025
884,UV Away Moist Jumbo Sun Block,Beauty & Hygiene,Skin Care,It's Skin,23-01-2025
885,"LED Bulb - 12 Watt, Cool White, B22","Kitchen, Garden & Pets",Appliances & Electricals,C&S Electric,28-12-2025
886,Crunchy Cinnamon Almond Butter,Gourmet & World Food,Dairy & Cheese,Nutty Yogi,19-05-2025
887,MaxFresh Pink Spicy Fresh Gel Toothpaste - Rajasthan Royals Special Edition Pack,Beauty & Hygiene,Oral Care,Colgate,17-03-2025
888,Elegance Deodorant - For Men,Beauty & Hygiene,Men's Grooming,Yardley London,21-01-2025
889,Natural Baby Wash,Baby Care,Baby Bath & Hygiene,The Moms Co,10-08-2025
890,Bajra Pearls - Roasted,Gourmet & World Food,"Snacks, Dry Fruits, Nuts",Nutty Yogi,09-07-2025
891,Tamarind/Hunisehannu,"Foodgrains, Oil & Masala",Masalas & Spices,Eastern,24-02-2025
892,Kitchen Towel Paper Reusable Tissue Washable,Cleaning & Household,"Disposables, Garbage Bag",Beeta,07-09-2025
893,Organic Bisibelebath Mix - Kodo Millet,Snacks & Branded Foods,Ready To Cook & Eat,Aaha Oho,01-03-2025
894,Wisal Dhabab Perfume Deodorant For Men,Beauty & Hygiene,Fragrances & Deos,Ajmal,22-06-2025
895,Palakkad Red Matta Boiled Rice - Unda,"Foodgrains, Oil & Masala",Rice & Rice Products,bb Royal,19-03-2025
896,Olive Vegetable Oil,Beauty & Hygiene,Skin Care,Aroma Treasures,19-01-2025
897,Hearts & Kisses For Women,Beauty & Hygiene,Fragrances & Deos,Dorall Collection,09-07-2025
898,Chocos - Moons & Stars,Snacks & Branded Foods,Breakfast Cereals,Kelloggs,27-05-2025
899,Instant Diet Popcorn - Contains Olive Oil,Snacks & Branded Foods,Snacks & Namkeen,PIPO,17-11-2025
900,Ultra Mosquito Repellant Refill - Floral Fragrance,Cleaning & Household,Fresheners & Repellents,All Out,01-08-2025
901,Con Con Corn Chips - BBQ,Gourmet & World Food,"Snacks, Dry Fruits, Nuts",Tong Garden,17-01-2025
902,Disinfectant Surface Sanitizer,Cleaning & Household,All Purpose Cleaners,Maxkleen,15-08-2025
903,Surekha Boiled Rice,"Foodgrains, Oil & Masala",Rice & Rice Products,bb Royal,20-07-2025
904,Peri Peri Masala,"Foodgrains, Oil & Masala",Masalas & Spices,Smith & Jones,18-03-2025
905,Haldi Drops,Beauty & Hygiene,Health & Medicine,Zandu,23-08-2025
906,Pasta - 37B Penne Rigate,Gourmet & World Food,Oils & Vinegar,Colavita,24-07-2025
907,Asafoetida Powder,"Foodgrains, Oil & Masala",Masalas & Spices,G.D ,25-12-2025
908,Face Wash - Blush & Glow Strawberry Gel,Beauty & Hygiene,Skin Care,Lakme,10-12-2025
909,Blueberry Almond Crisps,Gourmet & World Food,"Snacks, Dry Fruits, Nuts",Epiphany Snacks,15-06-2025
910,"Toothpaste - Whitening, Cavity Protection, 150 G",Beauty & Hygiene,Oral Care,Pepsodent,16-03-2025
911,"Bathing/Cleaning Bucket - With Plastic Handle, Mango Yellow, L1145PH-LT MY",Cleaning & Household,Bins & Bathroom Ware,Princeware,21-09-2025
912,Organic Puttu - Pearl Millet,Snacks & Branded Foods,Ready To Cook & Eat,Aaha Oho,06-09-2025
913,Muesli - Gluten Free,Gourmet & World Food,Cereals & Breakfast,Bobs Red Mill,07-05-2025
914,Organic Powder - Red Chilly,"Foodgrains, Oil & Masala",Organic Staples,Organic Tattva,22-10-2025
915,Thyme,"Foodgrains, Oil & Masala",Masalas & Spices,HappyChef,23-08-2025
916,"Steel Deep Dabba/Storage Container - No. 14, Plain","Kitchen, Garden & Pets",Steel Utensils,BB Home,06-12-2025
917,"Coco Oval Basket With Lid - Medium, Assorted Colour",Cleaning & Household,Bins & Bathroom Ware,Nakoda,06-06-2025
918,Aluminium Induction Base Flat Bottom Patila Tope Pot - Silver,"Kitchen, Garden & Pets",Cookware & Non Stick,HAZEL,31-03-2025
919,"Ultra-Fresh Fairness Face Wash With Milk, Licorice, Saffron",Beauty & Hygiene,Skin Care,Olivia,23-01-2025
920,Pickle - Prawn,"Eggs, Meat & Fish",Fish & Seafood,Tasty Nibbles,05-07-2025
921,Stand & Pee Reusable Portable Urination Funnel For Women,Beauty & Hygiene,Feminine Hygiene,Peebuddy,11-06-2025
922,Original Scent - Dry Skin Moisturiser With Cherry Almond Essence,Beauty & Hygiene,Skin Care,Jergens,15-09-2025
923,Cookies-Choco Ripple Cookies,Snacks & Branded Foods,Biscuits & Cookies,Unibic,06-01-2025
924,"Executive Lunch Box - Small, T Blue","Kitchen, Garden & Pets",Storage & Accessories,Signoraware,19-10-2025
925,Room Freshener - Soul Blossom Jasmine,Cleaning & Household,Fresheners & Repellents,Good Home,05-03-2025
926,Sauce - Chilli,Gourmet & World Food,"Sauces, Spreads & Dips",Remia,26-10-2025
927,"Copper Water Fliptop Bottle - Hammered, Plain","Kitchen, Garden & Pets",Steel Utensils,Frestol,24-07-2025
928,Himalayan Raw Apple Cider Vinegar,Snacks & Branded Foods,"Spreads, Sauces, Ketchup",Dabur,02-12-2025
929,"Toothbrush - 360 Degree Flosstip, Soft",Beauty & Hygiene,Oral Care,Colgate,15-04-2025
930,Purifying Neem Face Wash,Beauty & Hygiene,Skin Care,Chandrika ,18-09-2025
931,Opalware Classique 2 Dinner Set - Mystrio Black,"Kitchen, Garden & Pets",Crockery & Cutlery,Laopala Diva,01-11-2025
932,Black Sliced Olives,Gourmet & World Food,Tinned & Processed Food,Habit,06-11-2025
933,Diatrin Tablets - Controls Sugar Naturally,Beauty & Hygiene,Health & Medicine,Jiva Ayurveda,31-10-2025
934,"Hangable Dress Shaped Hand/Basin Towel - Cream, Bh-038 Crm",Beauty & Hygiene,Bath & Hand Wash,BB Home,13-02-2025
935,6 Oil Nourish Conditioner,Beauty & Hygiene,Hair Care,Loreal Paris,21-06-2025
936,"Stainless Steel  Induction Compatible Pressure Cooker - Silver, HSS10","Kitchen, Garden & Pets",Cookware & Non Stick,Hawkins,14-10-2025
937,"Chips - Potato, Masala",Snacks & Branded Foods,Snacks & Namkeen,Sanjay ,17-11-2025
938,Dates Powder - Natural Sweetener,Baby Care,Baby Food & Formula,Early Foods,06-04-2025
939,Coconut Scraper - Sleek,"Kitchen, Garden & Pets",Kitchen Accessories,Anjali,15-11-2025
940,Infant Formula Baby Food Powder - Stage 1,Baby Care,Baby Food & Formula,Enfamil A+,16-02-2025
941,Organic - Whole Wheat Ajwain Jaggery Teething Sticks,Baby Care,Baby Food & Formula,Early Foods,04-03-2025
942,Pre Shave Foam - Classic Lemon Lime,Beauty & Hygiene,Men's Grooming,Gillette,04-02-2025
943,Onion - Organically Grown,Fruits & Vegetables,Fresh Vegetables,Fresho,19-04-2025
944,Cheese Spread - Asli Pepper,"Bakery, Cakes & Dairy",Dairy,Britannia,12-11-2025
945,Lollygum,Snacks & Branded Foods,Chocolates & Candies,Dukes,24-10-2025
946,Pet Selo Container Set - Silver,"Kitchen, Garden & Pets",Storage & Accessories,Steelo,31-07-2025
947,Amritsari Marinade,"Foodgrains, Oil & Masala",Masalas & Spices,Orika,27-11-2025
948,Sriracha Hot Chilli Sauce,Gourmet & World Food,"Sauces, Spreads & Dips",Real Thai,24-08-2025
949,Brightening Booster Orange Shower Gel,Beauty & Hygiene,Bath & Hand Wash,BodyHerbals,15-11-2025
950,Icecream Mix- Chocolate,Gourmet & World Food,Cooking & Baking Needs,Puramate,01-04-2025
951,Spices - Whole White Pepper,Gourmet & World Food,Cooking & Baking Needs,Malabar Coast,27-08-2025
952,Comb - Derby Deluxe No 61,Beauty & Hygiene,Hair Care,Ego of Paris,30-12-2025
953,Scissors - Stylish Cut,Cleaning & Household,Stationery,Cartini,04-04-2025
954,Sylvana Shot Glass Tumbler,"Kitchen, Garden & Pets",Crockery & Cutlery,Pasabahce,09-02-2025
955,"Padded Lead - 1 inch, Blue Colour","Kitchen, Garden & Pets",Pet Food & Accessories,Glenand,02-01-2025
956,Pimple Clear & Germ Removal Face Wash,Beauty & Hygiene,Skin Care,Ponds,20-10-2025
957,Organic Peanut Flax Chutney - Spicy Podi Flavour,Snacks & Branded Foods,Pickles & Chutney,Jus Amazin,07-09-2025
958,Manuka Honey Multifloral,Gourmet & World Food,"Sauces, Spreads & Dips",Nelson Honey,22-05-2025
959,Everfresh Morning Rose Dew Gel Blocks,Cleaning & Household,Fresheners & Repellents,Air wick,16-03-2025
960,Organic Tamarind/Hunisehannu,"Foodgrains, Oil & Masala",Masalas & Spices,bb Royal,23-04-2025
961,"Muffin - Rich Chocolate, Whole Wheat (Eggless)","Bakery, Cakes & Dairy",Cakes & Pastries,BHealthy,01-06-2025
962,Cheesy Corn Triangles,Snacks & Branded Foods,Frozen Veggies & Snacks,ITC Master Chef,02-10-2025
963,Rejuvenating Cucumber & Aloe Vera Face Pack For Skin,Beauty & Hygiene,Skin Care,Everyuth Naturals,24-09-2025
964,Opalware Ivory Multiutility Bowl Set - Autumn Shadow,"Kitchen, Garden & Pets",Crockery & Cutlery,Laopala Diva,05-07-2025
965,Cheese Crunchy Layered Crackers,"Bakery, Cakes & Dairy","Cookies, Rusk & Khari",Malkist,05-03-2025
966,Kitchen & Household Daily Cleaning - Reusable Cloth,Cleaning & Household,"Mops, Brushes & Scrubs",York,10-08-2025
967,Glass Water/Juice Tumbler - Summer,"Kitchen, Garden & Pets",Crockery & Cutlery,Iveo ,22-05-2025
968,Pearl Whitening Peel Off Mask,Beauty & Hygiene,Skin Care,Glamveda,10-10-2025
969,Plastic Watering Can - Green,"Kitchen, Garden & Pets",Gardening,Klassic,04-01-2025
970,Lemon Grass,Fruits & Vegetables,Herbs & Seasonings,Fresho,08-05-2025
971,Professional Salon Series Platinum Silver Facial Kit,Beauty & Hygiene,Skin Care,Vlcc,29-10-2025
972,Medium Prawns,Snacks & Branded Foods,Frozen Veggies & Snacks,sumeru,28-01-2025
973,"Stainless Steel Spices Bottle/Holder - Silver, BB 543","Kitchen, Garden & Pets",Storage & Accessories,DP,29-07-2025
974,Organic - Chana Masala,"Foodgrains, Oil & Masala",Organic Staples,Phalada Pure & Sure,17-12-2025
975,"Body Bath Loofah/Sponge/Scrubber - Double Loop Hangable - Grey, BH011GRY","Kitchen, Garden & Pets",Kitchen Accessories,BB Home,30-01-2025
976,Fibre Rich Muesli For Breakfast + Cranberry Blueberry Muesli Fibre (each 1kg),Gourmet & World Food,Cereals & Breakfast,True Elements,20-04-2025
977,Immunity Booster Natural Remedial Drink,Gourmet & World Food,Cooking & Baking Needs,Cafe Junyali,20-02-2025
978,"Copper Bottle - Matt Finish, Duke, BBCB03","Kitchen, Garden & Pets",Steel Utensils,BB Home,18-08-2025
979,Syrup,Gourmet & World Food,"Sauces, Spreads & Dips",Hersheys ,12-01-2025
980,Microfiber Multipurpose Cloth,Cleaning & Household,"Mops, Brushes & Scrubs",Gala,26-04-2025
981,Paste - Ginger & Garlic,"Foodgrains, Oil & Masala",Masalas & Spices,Mother's Recipe,18-02-2025
982,Sugar/Sakkare - Refined,"Foodgrains, Oil & Masala","Salt, Sugar & Jaggery",Madhur,17-08-2025
983,Namkeen - Lite Chiwda,Snacks & Branded Foods,Snacks & Namkeen,Haldirams ,04-07-2025
984,Men Expert White Activ Intensive Whitening Foam,Beauty & Hygiene,Men's Grooming,Loreal Paris,29-06-2025
985,Shai Mix,"Foodgrains, Oil & Masala",Dry Fruits,Marudhar,15-02-2025
986,Menthol Cool 500 ml + Laundry San- Fresh Linen 480 ml,Cleaning & Household,All Purpose Cleaners,Dettol,08-11-2025
987,Daily Face Care Lotion Oil Balance - Combination To Normal Skin,Beauty & Hygiene,Skin Care,Lacto Calamine,01-05-2025
988,Nano Sun Block Sun Protective Cream Spf 60,Beauty & Hygiene,Skin Care,Shahnaz Husain,09-09-2025
989,Women Well Being Capsules,Beauty & Hygiene,Health & Medicine,ORGANIC INDIA,23-09-2025
990,Men Expert Hydra Power Duo Foam Cleanser,Beauty & Hygiene,Skin Care,Loreal Paris,26-05-2025
991,Bounce Biscuits - Orange Creme,Snacks & Branded Foods,Biscuits & Cookies,Sunfeast,13-10-2025
992,Organic - Parmal Rice,"Foodgrains, Oil & Masala",Organic Staples,bb Royal,19-12-2025
993,Chicken Classic Salami,"Eggs, Meat & Fish","Sausages, Bacon & Salami",La Carne,17-11-2025
994,EDT Spray - Sport Style For Men,Beauty & Hygiene,Men's Grooming,Brut,16-01-2025
995,"Shot Body Spray - Absolute Series, Craze",Beauty & Hygiene,Fragrances & Deos,Layerr,08-10-2025
996,W3 Perfume Spray - For Women,Beauty & Hygiene,Fragrances & Deos,Engage,19-09-2025
997,Nut Cracker,Snacks & Branded Foods,Snacks & Namkeen,Bikaji,25-01-2025
998,Alphabytes,Snacks & Branded Foods,Frozen Veggies & Snacks,ITC Master Chef,26-12-2025
999,Herbal Aloevera Neem & Basil Facial Massage Gel,Beauty & Hygiene,Skin Care,Khadi Natural,22-02-2025
,,,,,27-07-2025
